<?xml version="1.0" encoding="UTF-8"?>
<window id="1117">
  <defaultcontrol always="true">50</defaultcontrol>
  <controls>
    <include>FullBackground</include>
    <control type="group" description="Content">
      <include>OpenClose</include>
      <control type="label" description="Heading">
        <posx>495</posx>
        <posy>120</posy>
        <width>930</width>
        <height>75</height>
        <align>center</align>
        <aligny>bottom</aligny>
        <font>size28</font>
        <label>31988</label>
      </control>
      <control type="group">
        <posy>150</posy>
        <control type="image" description="Line top">
          <posx>0</posx>
          <posy>130</posy>
          <width>1920</width>
          <height>1</height>
          <texture>img/Line1.png</texture>
        </control>
        <control type="image" description="Line bottom">
          <posx>0</posx>
          <posy>236</posy>
          <width>1920</width>
          <height>1</height>
          <texture>img/Line1.png</texture>
        </control>
        <control type="group">
          <control type="fixedlist" id="50">
            <posx>60</posx>
            <posy>129</posy>
            <width>1800</width>
            <height>111</height>
            <onleft>noop</onleft>
            <onright>noop</onright>
            <onup>53</onup>
            <ondown>52</ondown>
            <focusposition>1</focusposition>
            <orientation>horizontal</orientation>
            <pagecontrol>60</pagecontrol>
            <itemlayout width="600" height="111">
              <control type="label" description="Main Label">
                <posx>0</posx>
                <posy>0</posy>
                <height>111</height>
                <width>600</width>
                <align>center</align>
                <font>size24</font>
                <scroll>false</scroll>
                <textcolor>Grey</textcolor>
                <label>$INFO[ListItem.Label]</label>
              </control>
            </itemlayout>
            <focusedlayout width="600" height="111">
              <control type="image" description="Selector">
                <animation type="Conditional" condition="!Control.HasFocus(50)">
                  <effect type="fade" start="100" end="50" time="0" reversible="true" />
                </animation>
                <posx>0</posx>
                <posy>0</posy>
                <height>111</height>
                <width>600</width>
                <aspectratio>keep</aspectratio>
                <texture>img/HomeBarFO.png</texture>
              </control>
              <control type="label" description="Main Label">
                <visible>![[Skin.HasSetting(MoviesSectionHide) + Container(50).HasFocus(1001)] | [Skin.HasSetting(TVSectionHide) + Container(50).HasFocus(1002)] | [Skin.HasSetting(MusicSectionHide) + Container(50).HasFocus(1003)] | [Skin.HasSetting(PicturesSectionHide) + Container(50).HasFocus(1004)] | [Skin.HasSetting(AddonsSectionHide) + Container(50).HasFocus(1005)]]</visible>
                <posx>0</posx>
                <posy>0</posy>
                <height>111</height>
                <width>600</width>
                <align>center</align>
                <font>size24</font>
                <scroll>false</scroll>
                <textcolor>White</textcolor>
                <label>$INFO[ListItem.Label]</label>
              </control>
              <control type="label" description="Main Label">
                <visible>[Skin.HasSetting(MoviesSectionHide) + Container(50).HasFocus(1001)] | [Skin.HasSetting(TVSectionHide) + Container(50).HasFocus(1002)] | [Skin.HasSetting(MusicSectionHide) + Container(50).HasFocus(1003)] | [Skin.HasSetting(PicturesSectionHide) + Container(50).HasFocus(1004)] | [Skin.HasSetting(AddonsSectionHide) + Container(50).HasFocus(1005)]</visible>
                <posx>0</posx>
                <posy>0</posy>
                <height>69</height>
                <width>600</width>
                <align>center</align>
                <font>size24</font>
                <scroll>false</scroll>
                <textcolor>White</textcolor>
                <label>$INFO[ListItem.Label]</label>
              </control>
              <control type="label" description="disabled">
                <visible>[Skin.HasSetting(MoviesSectionHide) + Container(50).HasFocus(1001)] | [Skin.HasSetting(TVSectionHide) + Container(50).HasFocus(1002)] | [Skin.HasSetting(MusicSectionHide) + Container(50).HasFocus(1003)] | [Skin.HasSetting(PicturesSectionHide) + Container(50).HasFocus(1004)] | [Skin.HasSetting(AddonsSectionHide) + Container(50).HasFocus(1005)]</visible>
                <posx>0</posx>
                <posy>60</posy>
                <height>45</height>
                <width>600</width>
                <align>center</align>
                <font>size18</font>
                <textcolor>White</textcolor>
                <label>1223</label>
              </control>
            </focusedlayout>
            <content>
              <item id="1001" description="Movies">
                <label fallback="20342">$INFO[Skin.String(MoviesName)]</label>
                <onclick>noop</onclick>
              </item>
              <item id="1002" description="TV">
                <label fallback="20343">$INFO[Skin.String(TVName)]</label>
                <onclick>noop</onclick>
              </item>
              <item id="1003" description="Music">
                <label fallback="2">$INFO[Skin.String(MusicName)]</label>
                <onclick>noop</onclick>
              </item>
              <item id="1004" description="Pictures">
                <label fallback="1">$INFO[Skin.String(PicturesName)]</label>
                <onclick>noop</onclick>
              </item>
              <item id="1005" description="Addons">
                <label fallback="24001">$INFO[Skin.String(AddonsName)]</label>
                <onclick>noop</onclick>
              </item>
              <item id="1006" description="XBMC">
                <label>XBMC</label>
                <onclick>noop</onclick>
              </item>
            </content>
          </control>
        </control>
        <control type="grouplist" id="52">
          <posx>600</posx>
          <posy>270</posy>
          <width>720</width>
          <height>660</height>
          <onup>50</onup>
          <onleft>50</onleft>
          <onright>50</onright>
          <ondown>noop</ondown>
          <itemgap>0</itemgap>
          <pagecontrol>60</pagecontrol>
          
          <!--MOVIES-->
          <control type="button" id="100" description="Auto">
            <visible>Library.HasContent(Movies)</visible>
            <visible>!Skin.HasSetting(MoviesSectionHide) + Container(50).HasFocus(1001)</visible>
            <include>SettingsSubmenuButtons</include>
            <label>31986</label>
            <label2>$VAR[MoviesShelfLabel2]</label2>
            <onclick>Skin.Reset(MoviesShelf_Custom)</onclick>
            <onclick>Skin.Reset(MoviesShelf_Image)</onclick>
          </control>
          <control type="radiobutton" id="101" description="Image">
            <visible>!Skin.HasSetting(MoviesSectionHide) + Container(50).HasFocus(1001)</visible>
            <include>SettingsSubmenuButtons</include>
            <label>31984</label>
            <onclick>Skin.Reset(MoviesShelf_Custom)</onclick>
            <onclick>Skin.ToggleSetting(MoviesShelf_Image)</onclick>
            <selected>Skin.HasSetting(MoviesShelf_Image)</selected>
          </control>
          <control type="button" id="102" description="Set image">
            <visible>Skin.HasSetting(MoviesShelf_Image) + Container(50).HasFocus(1001)</visible>
            <include>SettingsSubmenuButtons</include>
            <label>- $LOCALIZE[1030]</label>
            <label2>$INFO[Skin.String(MoviesShelf_Icon)]</label2>
            <onclick>Skin.SetImage(MoviesShelf_Icon)</onclick>
          </control>
          <control type="radiobutton" id="103" description="Custom">
            <visible>!Skin.HasSetting(MoviesSectionHide) + Container(50).HasFocus(1001)</visible>
            <include>SettingsSubmenuButtons</include>
            <label>31985</label>
            <onclick>Skin.Reset(MoviesShelf_Image)</onclick>
            <onclick>Skin.ToggleSetting(MoviesShelf_Custom)</onclick>
            <selected>Skin.HasSetting(MoviesShelf_Custom)</selected>
          </control>
          <control type="button" id="104" description="ADDONS">
            <visible>Skin.HasSetting(MoviesShelf_Custom)</visible>
            <visible>!Skin.HasSetting(MoviesSectionHide) + Container(50).HasFocus(1001)</visible>
            <include>SettingsSubmenuButtons</include>
            <label>$LOCALIZE[24000] 1</label>
            <label2>$INFO[Skin.String(ShelfMovies.1.Label)]</label2>
            <onclick>Skin.SetAddon(ShelfMovies.1.Label,xbmc.python.pluginsource)</onclick>
          </control>
          <control type="button" id="105" description="ADDONS">
            <visible>Skin.HasSetting(MoviesShelf_Custom)</visible>
            <visible>!Skin.HasSetting(MoviesSectionHide) + Container(50).HasFocus(1001)</visible>
            <include>SettingsSubmenuButtons</include>
            <label>$LOCALIZE[24000] 2</label>
            <label2>$INFO[Skin.String(ShelfMovies.2.Label)]</label2>
            <onclick>Skin.SetAddon(ShelfMovies.2.Label,xbmc.python.pluginsource)</onclick>
          </control>
          <control type="button" id="106" description="ADDONS">
            <visible>Skin.HasSetting(MoviesShelf_Custom)</visible>
            <visible>!Skin.HasSetting(MoviesSectionHide) + Container(50).HasFocus(1001)</visible>
            <include>SettingsSubmenuButtons</include>
            <label>$LOCALIZE[24000] 3</label>
            <label2>$INFO[Skin.String(ShelfMovies.3.Label)]</label2>
            <onclick>Skin.SetAddon(ShelfMovies.3.Label,xbmc.python.pluginsource)</onclick>
          </control>
          <control type="button" id="107" description="ADDONS">
            <visible>Skin.HasSetting(MoviesShelf_Custom)</visible>
            <visible>!Skin.HasSetting(MoviesSectionHide) + Container(50).HasFocus(1001)</visible>
            <include>SettingsSubmenuButtons</include>
            <label>$LOCALIZE[24000] 4</label>
            <label2>$INFO[Skin.String(ShelfMovies.4.Label)]</label2>
            <onclick>Skin.SetAddon(ShelfMovies.4.Label,xbmc.python.pluginsource)</onclick>
          </control>
          <control type="button" id="108" description="ADDONS">
            <visible>Skin.HasSetting(MoviesShelf_Custom)</visible>
            <visible>!Skin.HasSetting(MoviesSectionHide) + Container(50).HasFocus(1001)</visible>
            <include>SettingsSubmenuButtons</include>
            <label>$LOCALIZE[24000] 5</label>
            <label2>$INFO[Skin.String(ShelfMovies.5.Label)]</label2>
            <onclick>Skin.SetAddon(ShelfMovies.5.Label,xbmc.python.pluginsource)</onclick>
          </control>
          <control type="button" id="109" description="FAVOURITES">
            <visible>Skin.HasSetting(MoviesShelf_Custom)</visible>
            <visible>!Skin.HasSetting(MoviesSectionHide) + Container(50).HasFocus(1001)</visible>
            <include>SettingsSubmenuButtons</include>
            <label>$LOCALIZE[1036] 1</label>
            <label2>$INFO[Skin.String(ShelfMovies.6.Label)]</label2>
            <thumb>$INFO[Skin.String(ShelfMovies.6.Icon)]</thumb>
            <onclick>RunScript(script.favourites,property=ShelfMovies.6)</onclick>
          </control>
          <control type="button" id="110" description="FAVOURITES">
            <visible>Skin.HasSetting(MoviesShelf_Custom)</visible>
            <visible>!Skin.HasSetting(MoviesSectionHide) + Container(50).HasFocus(1001)</visible>
            <include>SettingsSubmenuButtons</include>
            <label>$LOCALIZE[1036] 2</label>
            <label2>$INFO[Skin.String(ShelfMovies.7.Label)]</label2>
            <thumb>$INFO[Skin.String(ShelfMovies.7.Icon)]</thumb>
            <onclick>RunScript(script.favourites,property=ShelfMovies.7)</onclick>
          </control>
          <control type="button" id="112" description="FAVOURITES">
            <visible>Skin.HasSetting(MoviesShelf_Custom)</visible>
            <visible>!Skin.HasSetting(MoviesSectionHide) + Container(50).HasFocus(1001)</visible>
            <include>SettingsSubmenuButtons</include>
            <label>$LOCALIZE[1036] 3</label>
            <label2>$INFO[Skin.String(ShelfMovies.8.Label)]</label2>
            <thumb>$INFO[Skin.String(ShelfMovies.8.Icon)]</thumb>
            <onclick>RunScript(script.favourites,property=ShelfMovies.8)</onclick>
          </control>
          <control type="button" id="113" description="FAVOURITES">
            <visible>Skin.HasSetting(MoviesShelf_Custom)</visible>
            <visible>!Skin.HasSetting(MoviesSectionHide) + Container(50).HasFocus(1001)</visible>
            <include>SettingsSubmenuButtons</include>
            <label>$LOCALIZE[1036] 4</label>
            <label2>$INFO[Skin.String(ShelfMovies.9.Label)]</label2>
            <thumb>$INFO[Skin.String(ShelfMovies.9.Icon)]</thumb>
            <onclick>RunScript(script.favourites,property=ShelfMovies.9)</onclick>
          </control>
          <control type="button" id="114" description="FAVOURITES">
            <visible>Skin.HasSetting(MoviesShelf_Custom)</visible>
            <visible>!Skin.HasSetting(MoviesSectionHide) + Container(50).HasFocus(1001)</visible>
            <include>SettingsSubmenuButtons</include>
            <label>$LOCALIZE[1036] 5</label>
            <label2>$INFO[Skin.String(ShelfMovies.10.Label)]</label2>
            <thumb>$INFO[Skin.String(ShelfMovies.10.Icon)]</thumb>
            <onclick>RunScript(script.favourites,property=ShelfMovies.10)</onclick>
          </control>
          <!--TV-->
          <control type="button" id="200" description="TV Auto">
            <visible>Library.HasContent(TVShows)</visible>
            <visible>!Skin.HasSetting(TVSectionHide) + Container(50).HasFocus(1002)</visible>
            <include>SettingsSubmenuButtons</include>
            <label>31986</label>
            <label2>$VAR[TVShelfLabel2]</label2>
            <onclick>Skin.Reset(TVShelf_Custom)</onclick>
            <onclick>Skin.Reset(TVShelf_Image)</onclick>
          </control>
          <control type="radiobutton" id="201" description="Image">
            <visible>!Skin.HasSetting(TVSectionHide) + Container(50).HasFocus(1002)</visible>
            <include>SettingsSubmenuButtons</include>
            <label>31984</label>
            <onclick>Skin.Reset(TVShelf_Custom)</onclick>
            <onclick>Skin.ToggleSetting(TVShelf_Image)</onclick>
            <selected>Skin.HasSetting(TVShelf_Image)</selected>
          </control>
          <control type="button" id="202" description="Set image">
            <visible>Skin.HasSetting(TVShelf_Image) + Container(50).HasFocus(1002)</visible>
            <include>SettingsSubmenuButtons</include>
            <label>- $LOCALIZE[1030]</label>
            <label2>$INFO[Skin.String(TVShelf_Icon)]</label2>
            <onclick>Skin.SetImage(TVShelf_Icon)</onclick>
          </control>
          <control type="radiobutton" id="203" description="Custom">
            <visible>!Skin.HasSetting(TVSectionHide) + Container(50).HasFocus(1002)</visible>
            <include>SettingsSubmenuButtons</include>
            <label>31985</label>
            <onclick>Skin.Reset(TVShelf_Image)</onclick>
            <onclick>Skin.ToggleSetting(TVShelf_Custom)</onclick>
            <selected>Skin.HasSetting(TVShelf_Custom)</selected>
          </control>
          <control type="button" id="204" description="ADDONS">
            <visible>Skin.HasSetting(TVShelf_Custom)</visible>
            <visible>!Skin.HasSetting(TVSectionHide) + Container(50).HasFocus(1002)</visible>
            <include>SettingsSubmenuButtons</include>
            <label>$LOCALIZE[24000] 1</label>
            <label2>$INFO[Skin.String(ShelfTV.1.Label)]</label2>
            <onclick>Skin.SetAddon(ShelfTV.1.Label,xbmc.python.pluginsource)</onclick>
          </control>
          <control type="button" id="205" description="ADDONS">
            <visible>Skin.HasSetting(TVShelf_Custom)</visible>
            <visible>!Skin.HasSetting(TVSectionHide) + Container(50).HasFocus(1002)</visible>
            <include>SettingsSubmenuButtons</include>
            <label>$LOCALIZE[24000] 2</label>
            <label2>$INFO[Skin.String(ShelfTV.2.Label)]</label2>
            <onclick>Skin.SetAddon(ShelfTV.2.Label,xbmc.python.pluginsource)</onclick>
          </control>
          <control type="button" id="206" description="ADDONS">
            <visible>Skin.HasSetting(TVShelf_Custom)</visible>
            <visible>!Skin.HasSetting(TVSectionHide) + Container(50).HasFocus(1002)</visible>
            <include>SettingsSubmenuButtons</include>
            <label>$LOCALIZE[24000] 3</label>
            <label2>$INFO[Skin.String(ShelfTV.3.Label)]</label2>
            <onclick>Skin.SetAddon(ShelfTV.3.Label,xbmc.python.pluginsource)</onclick>
          </control>
          <control type="button" id="207" description="ADDONS">
            <visible>Skin.HasSetting(TVShelf_Custom)</visible>
            <visible>!Skin.HasSetting(TVSectionHide) + Container(50).HasFocus(1002)</visible>
            <include>SettingsSubmenuButtons</include>
            <label>$LOCALIZE[24000] 4</label>
            <label2>$INFO[Skin.String(ShelfTV.4.Label)]</label2>
            <onclick>Skin.SetAddon(ShelfTV.4.Label,xbmc.python.pluginsource)</onclick>
          </control>
          <control type="button" id="208" description="ADDONS">
            <visible>Skin.HasSetting(TVShelf_Custom)</visible>
            <visible>!Skin.HasSetting(TVSectionHide) + Container(50).HasFocus(1002)</visible>
            <include>SettingsSubmenuButtons</include>
            <label>$LOCALIZE[24000] 5</label>
            <label2>$INFO[Skin.String(ShelfTV.5.Label)]</label2>
            <onclick>Skin.SetAddon(ShelfTV.5.Label,xbmc.python.pluginsource)</onclick>
          </control>
          <control type="button" id="209" description="FAVOURITES">
            <visible>Skin.HasSetting(TVShelf_Custom)</visible>
            <visible>!Skin.HasSetting(TVSectionHide) + Container(50).HasFocus(1002)</visible>
            <include>SettingsSubmenuButtons</include>
            <label>$LOCALIZE[1036] 1</label>
            <label2>$INFO[Skin.String(ShelfTV.6.Label)]</label2>
            <thumb>$INFO[Skin.String(ShelfTV.6.Icon)]</thumb>
            <onclick>RunScript(script.favourites,property=ShelfTV.6)</onclick>
          </control>
          <control type="button" id="210" description="FAVOURITES">
            <visible>Skin.HasSetting(TVShelf_Custom)</visible>
            <visible>!Skin.HasSetting(TVSectionHide) + Container(50).HasFocus(1002)</visible>
            <include>SettingsSubmenuButtons</include>
            <label>$LOCALIZE[1036] 2</label>
            <label2>$INFO[Skin.String(ShelfTV.7.Label)]</label2>
            <thumb>$INFO[Skin.String(ShelfTV.7.Icon)]</thumb>
            <onclick>RunScript(script.favourites,property=ShelfTV.7)</onclick>
          </control>
          <control type="button" id="211" description="FAVOURITES">
            <visible>Skin.HasSetting(TVShelf_Custom)</visible>
            <visible>!Skin.HasSetting(TVSectionHide) + Container(50).HasFocus(1002)</visible>
            <include>SettingsSubmenuButtons</include>
            <label>$LOCALIZE[1036] 3</label>
            <label2>$INFO[Skin.String(ShelfTV.8.Label)]</label2>
            <thumb>$INFO[Skin.String(ShelfTV.8.Icon)]</thumb>
            <onclick>RunScript(script.favourites,property=ShelfTV.8)</onclick>
          </control>
          <control type="button" id="212" description="FAVOURITES">
            <visible>Skin.HasSetting(TVShelf_Custom)</visible>
            <visible>!Skin.HasSetting(TVSectionHide) + Container(50).HasFocus(1002)</visible>
            <include>SettingsSubmenuButtons</include>
            <label>$LOCALIZE[1036] 4</label>
            <label2>$INFO[Skin.String(ShelfTV.9.Label)]</label2>
            <thumb>$INFO[Skin.String(ShelfTV.9.Icon)]</thumb>
            <onclick>RunScript(script.favourites,property=ShelfTV.9)</onclick>
          </control>
          <control type="button" id="213" description="FAVOURITES">
            <visible>Skin.HasSetting(TVShelf_Custom)</visible>
            <visible>!Skin.HasSetting(TVSectionHide) + Container(50).HasFocus(1002)</visible>
            <include>SettingsSubmenuButtons</include>
            <label>$LOCALIZE[1036] 5</label>
            <label2>$INFO[Skin.String(ShelfTV.10.Label)]</label2>
            <thumb>$INFO[Skin.String(ShelfTV.10.Icon)]</thumb>
            <onclick>RunScript(script.favourites,property=ShelfTV.10)</onclick>
          </control>
          <!--MUSIC-->
          <control type="button" id="300" description="Auto">
            <visible>Library.HasContent(Music) | Library.HasContent(MusicVideos)</visible>
            <visible>!Skin.HasSetting(MusicSectionHide) + Container(50).HasFocus(1003)</visible>
            <include>SettingsSubmenuButtons</include>
            <label>31986</label>
            <label2>$VAR[MusicShelfLabel2]</label2>
            <onclick>Skin.Reset(MusicShelf_Custom)</onclick>
            <onclick>Skin.Reset(MusicShelf_Image)</onclick>
          </control>
          <control type="radiobutton" id="301" description="Image">
            <visible>!Skin.HasSetting(MusicSectionHide) + Container(50).HasFocus(1003)</visible>
            <include>SettingsSubmenuButtons</include>
            <label>31984</label>
            <onclick>Skin.Reset(MusicShelf_Custom)</onclick>
            <onclick>Skin.ToggleSetting(MusicShelf_Image)</onclick>
            <selected>Skin.HasSetting(MusicShelf_Image)</selected>
          </control>
          <control type="button" id="302" description="Set image">
            <visible>Skin.HasSetting(MusicShelf_Image) + Container(50).HasFocus(1003)</visible>
            <include>SettingsSubmenuButtons</include>
            <label>- $LOCALIZE[1030]</label>
            <label2>$INFO[Skin.String(MusicShelf_Icon)]</label2>
            <onclick>Skin.SetImage(MusicShelf_Icon)</onclick>
          </control>
          <control type="radiobutton" id="303" description="Custom">
            <visible>!Skin.HasSetting(MusicSectionHide) + Container(50).HasFocus(1003)</visible>
            <include>SettingsSubmenuButtons</include>
            <label>31985</label>
            <onclick>Skin.Reset(MusicShelf_Image)</onclick>
            <onclick>Skin.ToggleSetting(MusicShelf_Custom)</onclick>
            <selected>Skin.HasSetting(MusicShelf_Custom)</selected>
          </control>
          <control type="button" id="304" description="ADDONS">
            <visible>Skin.HasSetting(MusicShelf_Custom)</visible>
            <visible>!Skin.HasSetting(MusicSectionHide) + Container(50).HasFocus(1003)</visible>
            <include>SettingsSubmenuButtons</include>
            <label>$LOCALIZE[24000] 1</label>
            <label2>$INFO[Skin.String(ShelfMusic.1.Label)]</label2>
            <onclick>Skin.SetAddon(ShelfMusic.1.Label,xbmc.python.pluginsource)</onclick>
          </control>
          <control type="button" id="305" description="ADDONS">
            <visible>Skin.HasSetting(MusicShelf_Custom)</visible>
            <visible>!Skin.HasSetting(MusicSectionHide) + Container(50).HasFocus(1003)</visible>
            <include>SettingsSubmenuButtons</include>
            <label>$LOCALIZE[24000] 2</label>
            <label2>$INFO[Skin.String(ShelfMusic.2.Label)]</label2>
            <onclick>Skin.SetAddon(ShelfMusic.2.Label,xbmc.python.pluginsource)</onclick>
          </control>
          <control type="button" id="306" description="ADDONS">
            <visible>Skin.HasSetting(MusicShelf_Custom)</visible>
            <visible>!Skin.HasSetting(MusicSectionHide) + Container(50).HasFocus(1003)</visible>
            <include>SettingsSubmenuButtons</include>
            <label>$LOCALIZE[24000] 3</label>
            <label2>$INFO[Skin.String(ShelfMusic.3.Label)]</label2>
            <onclick>Skin.SetAddon(ShelfMusic.3.Label,xbmc.python.pluginsource)</onclick>
          </control>
          <control type="button" id="307" description="ADDONS">
            <visible>Skin.HasSetting(MusicShelf_Custom)</visible>
            <visible>!Skin.HasSetting(MusicSectionHide) + Container(50).HasFocus(1003)</visible>
            <include>SettingsSubmenuButtons</include>
            <label>$LOCALIZE[24000] 4</label>
            <label2>$INFO[Skin.String(ShelfMusic.4.Label)]</label2>
            <onclick>Skin.SetAddon(ShelfMusic.4.Label,xbmc.python.pluginsource)</onclick>
          </control>
          <control type="button" id="308" description="ADDONS">
            <visible>Skin.HasSetting(MusicShelf_Custom)</visible>
            <visible>!Skin.HasSetting(MusicSectionHide) + Container(50).HasFocus(1003)</visible>
            <include>SettingsSubmenuButtons</include>
            <label>$LOCALIZE[24000] 5</label>
            <label2>$INFO[Skin.String(ShelfMusic.5.Label)]</label2>
            <onclick>Skin.SetAddon(ShelfMusic.5.Label,xbmc.python.pluginsource)</onclick>
          </control>
          <control type="button" id="309" description="FAVOURITES">
            <visible>Skin.HasSetting(MusicShelf_Custom)</visible>
            <visible>!Skin.HasSetting(MusicSectionHide) + Container(50).HasFocus(1003)</visible>
            <include>SettingsSubmenuButtons</include>
            <label>$LOCALIZE[1036] 1</label>
            <label2>$INFO[Skin.String(ShelfMusic.6.Label)]</label2>
            <thumb>$INFO[Skin.String(ShelfMusic.6.Icon)]</thumb>
            <onclick>RunScript(script.favourites,property=ShelfMusic.6)</onclick>
          </control>
          <control type="button" id="310" description="FAVOURITES">
            <visible>Skin.HasSetting(MusicShelf_Custom)</visible>
            <visible>!Skin.HasSetting(MusicSectionHide) + Container(50).HasFocus(1003)</visible>
            <include>SettingsSubmenuButtons</include>
            <label>$LOCALIZE[1036] 2</label>
            <label2>$INFO[Skin.String(ShelfMusic.7.Label)]</label2>
            <thumb>$INFO[Skin.String(ShelfMusic.7.Icon)]</thumb>
            <onclick>RunScript(script.favourites,property=ShelfMusic.7)</onclick>
          </control>
          <control type="button" id="311" description="FAVOURITES">
            <visible>Skin.HasSetting(MusicShelf_Custom)</visible>
            <visible>!Skin.HasSetting(MusicSectionHide) + Container(50).HasFocus(1003)</visible>
            <include>SettingsSubmenuButtons</include>
            <label>$LOCALIZE[1036] 3</label>
            <label2>$INFO[Skin.String(ShelfMusic.8.Label)]</label2>
            <thumb>$INFO[Skin.String(ShelfMusic.8.Icon)]</thumb>
            <onclick>RunScript(script.favourites,property=ShelfMusic.8)</onclick>
          </control>
          <control type="button" id="312" description="FAVOURITES">
            <visible>Skin.HasSetting(MusicShelf_Custom)</visible>
            <visible>!Skin.HasSetting(MusicSectionHide) + Container(50).HasFocus(1003)</visible>
            <include>SettingsSubmenuButtons</include>
            <label>$LOCALIZE[1036] 4</label>
            <label2>$INFO[Skin.String(ShelfMusic.9.Label)]</label2>
            <thumb>$INFO[Skin.String(ShelfMusic.9.Icon)]</thumb>
            <onclick>RunScript(script.favourites,property=ShelfMusic.9)</onclick>
          </control>
          <control type="button" id="313" description="FAVOURITES">
            <visible>Skin.HasSetting(MusicShelf_Custom)</visible>
            <visible>!Skin.HasSetting(MusicSectionHide) + Container(50).HasFocus(1003)</visible>
            <include>SettingsSubmenuButtons</include>
            <label>$LOCALIZE[1036] 5</label>
            <label2>$INFO[Skin.String(ShelfMusic.10.Label)]</label2>
            <thumb>$INFO[Skin.String(ShelfMusic.10.Icon)]</thumb>
            <onclick>RunScript(script.favourites,property=ShelfMusic.10)</onclick>
          </control>
          <!--PICTURES-->
          <control type="radiobutton" id="401" description="Image">
            <visible>!Skin.HasSetting(PicturesSectionHide) + Container(50).HasFocus(1004)</visible>
            <include>SettingsSubmenuButtons</include>
            <label>31984</label>
            <onclick>Skin.Reset(PicturesShelf_Custom)</onclick>
            <onclick>Skin.ToggleSetting(PicturesShelf_Image)</onclick>
            <selected>Skin.HasSetting(PicturesShelf_Image)</selected>
          </control>
          <control type="button" id="402" description="Set image">
            <visible>Skin.HasSetting(PicturesShelf_Image) + Container(50).HasFocus(1004)</visible>
            <include>SettingsSubmenuButtons</include>
            <label>- $LOCALIZE[1030]</label>
            <label2>$INFO[Skin.String(PicturesShelf_Icon)]</label2>
            <onclick>Skin.SetImage(PicturesShelf_Icon)</onclick>
          </control>
          <control type="radiobutton" id="403" description="Custom">
            <visible>!Skin.HasSetting(PicturesSectionHide) + Container(50).HasFocus(1004)</visible>
            <include>SettingsSubmenuButtons</include>
            <label>31985</label>
            <onclick>Skin.Reset(PicturesShelf_Image)</onclick>
            <onclick>Skin.ToggleSetting(PicturesShelf_Custom)</onclick>
            <selected>Skin.HasSetting(PicturesShelf_Custom)</selected>
          </control>
          <control type="button" id="404" description="ADDONS">
            <visible>!Skin.HasSetting(PicturesSectionHide) + Container(50).HasFocus(1004)</visible>
            <visible>Skin.HasSetting(PicturesShelf_Custom)</visible>
            <include>SettingsSubmenuButtons</include>
            <label>$LOCALIZE[24000] 1</label>
            <label2>$INFO[Skin.String(ShelfPictures.1.Label)]</label2>
            <onclick>Skin.SetAddon(ShelfPictures.1.Label,xbmc.python.pluginsource)</onclick>
          </control>
          <control type="button" id="405" description="ADDONS">
            <visible>!Skin.HasSetting(PicturesSectionHide) + Container(50).HasFocus(1004)</visible>
            <visible>Skin.HasSetting(PicturesShelf_Custom)</visible>
            <include>SettingsSubmenuButtons</include>
            <label>$LOCALIZE[24000] 2</label>
            <label2>$INFO[Skin.String(ShelfPictures.2.Label)]</label2>
            <onclick>Skin.SetAddon(ShelfPictures.2.Label,xbmc.python.pluginsource)</onclick>
          </control>
          <control type="button" id="406" description="ADDONS">
            <visible>!Skin.HasSetting(PicturesSectionHide) + Container(50).HasFocus(1004)</visible>
            <visible>Skin.HasSetting(PicturesShelf_Custom)</visible>
            <include>SettingsSubmenuButtons</include>
            <label>$LOCALIZE[24000] 3</label>
            <label2>$INFO[Skin.String(ShelfPictures.3.Label)]</label2>
            <onclick>Skin.SetAddon(ShelfPictures.3.Label,xbmc.python.pluginsource)</onclick>
          </control>
          <control type="button" id="407" description="ADDONS">
            <visible>!Skin.HasSetting(PicturesSectionHide) + Container(50).HasFocus(1004)</visible>
            <visible>Skin.HasSetting(PicturesShelf_Custom)</visible>
            <include>SettingsSubmenuButtons</include>
            <label>$LOCALIZE[24000] 4</label>
            <label2>$INFO[Skin.String(ShelfPictures.4.Label)]</label2>
            <onclick>Skin.SetAddon(ShelfPictures.4.Label,xbmc.python.pluginsource)</onclick>
          </control>
          <control type="button" id="408" description="ADDONS">
            <visible>!Skin.HasSetting(PicturesSectionHide) + Container(50).HasFocus(1004)</visible>
            <visible>Skin.HasSetting(PicturesShelf_Custom)</visible>
            <include>SettingsSubmenuButtons</include>
            <label>$LOCALIZE[24000] 5</label>
            <label2>$INFO[Skin.String(ShelfPictures.5.Label)]</label2>
            <onclick>Skin.SetAddon(ShelfPictures.5.Label,xbmc.python.pluginsource)</onclick>
          </control>
          <control type="button" id="409" description="FAVOURITES">
            <visible>!Skin.HasSetting(PicturesSectionHide) + Container(50).HasFocus(1004)</visible>
            <visible>Skin.HasSetting(PicturesShelf_Custom)</visible>
            <include>SettingsSubmenuButtons</include>
            <label>$LOCALIZE[1036] 1</label>
            <label2>$INFO[Skin.String(ShelfPictures.6.Label)]</label2>
            <thumb>$INFO[Skin.String(ShelfPictures.6.Icon)]</thumb>
            <onclick>RunScript(script.favourites,property=ShelfPictures.6)</onclick>
          </control>
          <control type="button" id="410" description="FAVOURITES">
            <visible>!Skin.HasSetting(PicturesSectionHide) + Container(50).HasFocus(1004)</visible>
            <visible>Skin.HasSetting(PicturesShelf_Custom)</visible>
            <include>SettingsSubmenuButtons</include>
            <label>$LOCALIZE[1036] 2</label>
            <label2>$INFO[Skin.String(ShelfPictures.7.Label)]</label2>
            <thumb>$INFO[Skin.String(ShelfPictures.7.Icon)]</thumb>
            <onclick>RunScript(script.favourites,property=ShelfPictures.7)</onclick>
          </control>
          <control type="button" id="411" description="FAVOURITES">
            <visible>!Skin.HasSetting(PicturesSectionHide) + Container(50).HasFocus(1004)</visible>
            <visible>Skin.HasSetting(PicturesShelf_Custom)</visible>
            <include>SettingsSubmenuButtons</include>
            <label>$LOCALIZE[1036] 3</label>
            <label2>$INFO[Skin.String(ShelfPictures.8.Label)]</label2>
            <thumb>$INFO[Skin.String(ShelfPictures.8.Icon)]</thumb>
            <onclick>RunScript(script.favourites,property=ShelfPictures.8)</onclick>
          </control>
          <control type="button" id="412" description="FAVOURITES">
            <visible>!Skin.HasSetting(PicturesSectionHide) + Container(50).HasFocus(1004)</visible>
            <visible>Skin.HasSetting(PicturesShelf_Custom)</visible>
            <include>SettingsSubmenuButtons</include>
            <label>$LOCALIZE[1036] 4</label>
            <label2>$INFO[Skin.String(ShelfPictures.9.Label)]</label2>
            <thumb>$INFO[Skin.String(ShelfPictures.9.Icon)]</thumb>
            <onclick>RunScript(script.favourites,property=ShelfPictures.9)</onclick>
          </control>
          <control type="button" id="413" description="FAVOURITES">
            <visible>!Skin.HasSetting(PicturesSectionHide) + Container(50).HasFocus(1004)</visible>
            <visible>Skin.HasSetting(PicturesShelf_Custom)</visible>
            <include>SettingsSubmenuButtons</include>
            <label>$LOCALIZE[1036] 5</label>
            <label2>$INFO[Skin.String(ShelfPictures.10.Label)]</label2>
            <thumb>$INFO[Skin.String(ShelfPictures.10.Icon)]</thumb>
            <onclick>RunScript(script.favourites,property=ShelfPictures.10)</onclick>
          </control>
          <!--ADDONS-->
          <control type="radiobutton" id="501" description="Image">
            <visible>!Skin.HasSetting(AddonsSectionHide) + Container(50).HasFocus(1005)</visible>
            <include>SettingsSubmenuButtons</include>
            <label>31984</label>
            <onclick>Skin.Reset(AddonsShelf_Custom)</onclick>
            <onclick>Skin.ToggleSetting(AddonsShelf_Image)</onclick>
            <selected>Skin.HasSetting(AddonsShelf_Image)</selected>
          </control>
          <control type="button" id="502" description="Set image">
            <visible>Skin.HasSetting(AddonsShelf_Image) + Container(50).HasFocus(1005)</visible>
            <include>SettingsSubmenuButtons</include>
            <label>- $LOCALIZE[1030]</label>
            <label2>$INFO[Skin.String(AddonsShelf_Icon)]</label2>
            <onclick>Skin.SetImage(AddonsShelf_Icon)</onclick>
          </control>
          <control type="radiobutton" id="503" description="Custom">
            <visible>!Skin.HasSetting(AddonsSectionHide) + Container(50).HasFocus(1005)</visible>
            <include>SettingsSubmenuButtons</include>
            <label>31985</label>
            <onclick>Skin.Reset(AddonsShelf_Image)</onclick>
            <onclick>Skin.ToggleSetting(AddonsShelf_Custom)</onclick>
            <selected>Skin.HasSetting(AddonsShelf_Custom)</selected>
          </control>
          <control type="button" id="504" description="ADDONS">
            <visible>!Skin.HasSetting(AddonsSectionHide) + Container(50).HasFocus(1005)</visible>
            <visible>Skin.HasSetting(AddonsShelf_Custom)</visible>
            <include>SettingsSubmenuButtons</include>
            <label>$LOCALIZE[24000] 1</label>
            <label2>$INFO[Skin.String(ShelfAddons.1.Label)]</label2>
            <onclick>Skin.SetAddon(ShelfAddons.1.Label,xbmc.python.pluginsource)</onclick>
          </control>
          <control type="button" id="505" description="ADDONS">
            <visible>!Skin.HasSetting(AddonsSectionHide) + Container(50).HasFocus(1005)</visible>
            <visible>Skin.HasSetting(AddonsShelf_Custom)</visible>
            <include>SettingsSubmenuButtons</include>
            <label>$LOCALIZE[24000] 2</label>
            <label2>$INFO[Skin.String(ShelfAddons.2.Label)]</label2>
            <onclick>Skin.SetAddon(ShelfAddons.2.Label,xbmc.python.pluginsource)</onclick>
          </control>
          <control type="button" id="506" description="ADDONS">
            <visible>!Skin.HasSetting(AddonsSectionHide) + Container(50).HasFocus(1005)</visible>
            <visible>Skin.HasSetting(AddonsShelf_Custom)</visible>
            <include>SettingsSubmenuButtons</include>
            <label>$LOCALIZE[24000] 3</label>
            <label2>$INFO[Skin.String(ShelfAddons.3.Label)]</label2>
            <onclick>Skin.SetAddon(ShelfAddons.3.Label,xbmc.python.pluginsource)</onclick>
          </control>
          <control type="button" id="507" description="ADDONS">
            <visible>!Skin.HasSetting(AddonsSectionHide) + Container(50).HasFocus(1005)</visible>
            <visible>Skin.HasSetting(AddonsShelf_Custom)</visible>
            <include>SettingsSubmenuButtons</include>
            <label>$LOCALIZE[24000] 4</label>
            <label2>$INFO[Skin.String(ShelfAddons.4.Label)]</label2>
            <onclick>Skin.SetAddon(ShelfAddons.4.Label,xbmc.python.pluginsource)</onclick>
          </control>
          <control type="button" id="508" description="ADDONS">
            <visible>!Skin.HasSetting(AddonsSectionHide) + Container(50).HasFocus(1005)</visible>
            <visible>Skin.HasSetting(AddonsShelf_Custom)</visible>
            <include>SettingsSubmenuButtons</include>
            <label>$LOCALIZE[24000] 5</label>
            <label2>$INFO[Skin.String(ShelfAddons.5.Label)]</label2>
            <onclick>Skin.SetAddon(ShelfAddons.5.Label,xbmc.python.pluginsource)</onclick>
          </control>
          <control type="button" id="509" description="FAVOURITES">
            <visible>!Skin.HasSetting(AddonsSectionHide) + Container(50).HasFocus(1005)</visible>
            <visible>Skin.HasSetting(AddonsShelf_Custom)</visible>
            <include>SettingsSubmenuButtons</include>
            <label>$LOCALIZE[1036] 1</label>
            <label2>$INFO[Skin.String(ShelfAddons.6.Label)]</label2>
            <thumb>$INFO[Skin.String(ShelfAddons.6.Icon)]</thumb>
            <onclick>RunScript(script.favourites,property=ShelfAddons.6)</onclick>
          </control>
          <control type="button" id="510" description="FAVOURITES">
            <visible>!Skin.HasSetting(AddonsSectionHide) + Container(50).HasFocus(1005)</visible>
            <visible>Skin.HasSetting(AddonsShelf_Custom)</visible>
            <include>SettingsSubmenuButtons</include>
            <label>$LOCALIZE[1036] 2</label>
            <label2>$INFO[Skin.String(ShelfAddons.7.Label)]</label2>
            <thumb>$INFO[Skin.String(ShelfAddons.7.Icon)]</thumb>
            <onclick>RunScript(script.favourites,property=ShelfAddons.7)</onclick>
          </control>
          <control type="button" id="511" description="FAVOURITES">
            <visible>!Skin.HasSetting(AddonsSectionHide) + Container(50).HasFocus(1005)</visible>
            <visible>Skin.HasSetting(AddonsShelf_Custom)</visible>
            <include>SettingsSubmenuButtons</include>
            <label>$LOCALIZE[1036] 3</label>
            <label2>$INFO[Skin.String(ShelfAddons.8.Label)]</label2>
            <thumb>$INFO[Skin.String(ShelfAddons.8.Icon)]</thumb>
            <onclick>RunScript(script.favourites,property=ShelfAddons.8)</onclick>
          </control>
          <control type="button" id="512" description="FAVOURITES">
            <visible>!Skin.HasSetting(AddonsSectionHide) + Container(50).HasFocus(1005)</visible>
            <visible>Skin.HasSetting(AddonsShelf_Custom)</visible>
            <include>SettingsSubmenuButtons</include>
            <label>$LOCALIZE[1036] 4</label>
            <label2>$INFO[Skin.String(ShelfAddons.9.Label)]</label2>
            <thumb>$INFO[Skin.String(ShelfAddons.9.Icon)]</thumb>
            <onclick>RunScript(script.favourites,property=ShelfAddons.9)</onclick>
          </control>
          <control type="button" id="513" description="FAVOURITES">
            <visible>!Skin.HasSetting(AddonsSectionHide) + Container(50).HasFocus(1005)</visible>
            <visible>Skin.HasSetting(AddonsShelf_Custom)</visible>
            <include>SettingsSubmenuButtons</include>
            <label>$LOCALIZE[1036] 5</label>
            <label2>$INFO[Skin.String(ShelfAddons.10.Label)]</label2>
            <thumb>$INFO[Skin.String(ShelfAddons.10.Icon)]</thumb>
            <onclick>RunScript(script.favourites,property=ShelfAddons.10)</onclick>
          </control>
          <!--XBMC-->
          <control type="radiobutton" id="601" description="Image">
            <visible>Container(50).HasFocus(1006)</visible>
            <include>SettingsSubmenuButtons</include>
            <label>31984</label>
            <onclick>Skin.Reset(XBMCShelf_Custom)</onclick>
            <onclick>Skin.ToggleSetting(XBMCShelf_Image)</onclick>
            <selected>Skin.HasSetting(XBMCShelf_Image)</selected>
          </control>
          <control type="button" id="602" description="Set image">
            <visible>Skin.HasSetting(XBMCShelf_Image) + Container(50).HasFocus(1006)</visible>
            <include>SettingsSubmenuButtons</include>
            <label>- $LOCALIZE[1030]</label>
            <label2>$INFO[Skin.String(XBMCShelf_Icon)]</label2>
            <onclick>Skin.SetImage(XBMCShelf_Icon)</onclick>
          </control>
        </control>
      </control>
    </control>
  </controls>
</window>