<?xml version="1.0" encoding="UTF-8"?>
<includes>
  <default type="label">
    <height>75</height>
    <align>left</align>
    <aligny>center</aligny>
    <font>size22</font>
    <scroll>false</scroll>
    <textcolor>White</textcolor>
    <shadowcolor>ShadowDark</shadowcolor>
    <focusedcolor>HL</focusedcolor>
    <selectedcolor>HL</selectedcolor>
    <disabledcolor>Disabled</disabledcolor>
    <scroll>true</scroll>
    <scrollspeed>50</scrollspeed>
    <scrollsuffix> &#0000; </scrollsuffix>
  </default>
  <default type="fadelabel">
    <height>75</height>
    <align>left</align>
    <aligny>center</aligny>
    <font>size22</font>
    <textoffsetx>20</textoffsetx>
    <textcolor>White</textcolor>
    <shadowcolor>ShadowDark</shadowcolor>
    <focusedcolor>HL</focusedcolor>
    <selectedcolor>HL</selectedcolor>
    <disabledcolor>Disabled</disabledcolor>
    <scrollout>false</scrollout>
    <pauseatend>3000</pauseatend>
    <scrollsuffix> • </scrollsuffix>
  </default>
  <default type="textbox"> <font>size20</font>
    <textcolor>Silver</textcolor>
    <align>justify</align>
    <shadowcolor>ShadowDark</shadowcolor>
    <focusedcolor>HL</focusedcolor>
    <selectedcolor>HL</selectedcolor>
    <disabledcolor>Disabled</disabledcolor>
    <pagecontrol>61</pagecontrol>
    <pulseonselect>false</pulseonselect>
    <autoscroll delay="8000" time="4300" repeat="10000">Skin.HasSetting(AutoScroll)</autoscroll>
  </default>
  <default type="image">
    <align>center</align>
    <aligny>center</aligny>
    <aspectratio>stretch</aspectratio>
  </default>
  <default type="button">
    <width>390</width>
    <height>75</height>
    <align>left</align>
    <aligny>center</aligny>
    <font>size22</font>
    <textoffsetx>20</textoffsetx>
    <textcolor>White</textcolor>
    <shadowcolor>ShadowDark</shadowcolor>
    <focusedcolor>HL</focusedcolor>
    <selectedcolor>HL</selectedcolor>
    <disabledcolor>Disabled</disabledcolor>
    <texturefocus border="9">img/MediaButton2.png</texturefocus>
    <!--<texturenofocus border="8">img/ButtonNF.png</texturenofocus>-->
    <pulseonselect>false</pulseonselect>
  </default>
  <default type="edit">
    <width>390</width>
    <height>75</height>
    <align>center</align>
    <aligny>center</aligny>
    <font>size22</font>
    <textoffsetx>20</textoffsetx>
    <textcolor>White</textcolor>
    <shadowcolor>ShadowDark</shadowcolor>
    <focusedcolor>HL</focusedcolor>
    <selectedcolor>HL</selectedcolor>
    <disabledcolor>Disabled</disabledcolor>
    <texturenofocus border="8">img/SettingsButtonNF.png</texturenofocus>
    <texturefocus border="9">img/MediaButton2.png</texturefocus>
  </default>
  <default type="togglebutton">
    <width>450</width>
    <height>75</height>
    <align>left</align>
    <aligny>center</aligny>
    <font>size22</font>
    <textoffsetx>20</textoffsetx>
    <textcolor>White</textcolor>
    <shadowcolor>ShadowDark</shadowcolor>
    <focusedcolor>HL</focusedcolor>
    <selectedcolor>HL</selectedcolor>
    <altselectedcolor>HL</altselectedcolor>
    <disabledcolor>Disabled</disabledcolor>
    <texturefocus border="9">img/MediaButton2.png</texturefocus>
    <alttexturefocus border="9">img/MediaButton2.png</alttexturefocus>
    <align>center</align>
    <aligny>center</aligny>
    <pulseonselect>false</pulseonselect>
  </default>
  <default type="radiobutton">
    <height>75</height>
    <align>left</align>
    <aligny>center</aligny>
    <font>size22</font>
    <textcolor>White</textcolor>
    <shadowcolor>ShadowDark</shadowcolor>
    <focusedcolor>HL</focusedcolor>
    <selectedcolor>HL</selectedcolor>
    <disabledcolor>Disabled</disabledcolor>
    <radiowidth>30</radiowidth>
    <radioheight>30</radioheight>
    <texturefocus border="9">img/MediaButton2.png</texturefocus>
    <textureradiofocus>img/RadioON.png</textureradiofocus>
    <textureradionofocus>-</textureradionofocus>
    <textoffsetx>20</textoffsetx>
    <!--<radioposx>262</radioposx>-->
    <pulseonselect>false</pulseonselect>
  </default>
  <default type="spincontrol">
    <textureup>img/ArrowUpNF.png</textureup>
    <textureupfocus>img/ArrowUpFO.png</textureupfocus>
    <texturedown>img/ArrowDownNF.png</texturedown>
    <texturedownfocus>img/ArrowDownFO.png</texturedownfocus>
    <texturefocus border="9">img/MediaButton2.png</texturefocus>
    <spinwidth>18</spinwidth>
    <spinheight>18</spinheight>
    <font>size22</font>
    <textcolor>White</textcolor>
    <shadowcolor>ShadowDark</shadowcolor>
    <focusedcolor>HL</focusedcolor>
    <selectedcolor>HL</selectedcolor>
    <disabledcolor>Disabled</disabledcolor>
    <textoffsetx>20</textoffsetx>
    <align>left</align>
    <aligny>center</aligny>
    <reverse>yes</reverse>
    <pulseonselect>true</pulseonselect>
  </default>
  <default type="spincontrolex">
    <width>450</width>
    <height>75</height>
    <font>size22</font>
    <textureup>img/ArrowUpNF.png</textureup>
    <textureupfocus>img/ArrowUpFO.png</textureupfocus>
    <texturedown>img/ArrowDownNF.png</texturedown>
    <texturedownfocus>img/ArrowDownFO.png</texturedownfocus>
    <texturefocus border="9">img/MediaButton2.png</texturefocus>
    <texturenofocus>-</texturenofocus>
		<spinwidth>18</spinwidth>
    <spinheight>18</spinheight>
    <textcolor>White</textcolor>
    <shadowcolor>ShadowDark</shadowcolor>
    <focusedcolor>HL</focusedcolor>
    <selectedcolor>HL</selectedcolor>
    <disabledcolor>Disabled</disabledcolor>
    <textoffsetx>20</textoffsetx>
    <align>left</align>
    <aligny>center</aligny>
    <reverse>yes</reverse>
    <pulseonselect>false</pulseonselect>
	</default>
  <default type="slider" description="Seek Slider">
    <visible>true</visible>
    <height>75</height>
		<width>450</width>
    <aligny>center</aligny>
    <sliderwidth>150</sliderwidth>
    <sliderheight>24</sliderheight>
		<texturesliderbar>HUD/SliderBG.png</texturesliderbar>
    <textureslidernib>HUD/SliderNibNF.png</textureslidernib>
    <textureslidernibfocus>HUD/SliderNibFO.png</textureslidernibfocus>
  </default>
  <default type="sliderex" description="Default Slider">
    <height>75</height>
    <width>450</width>
    <aligny>center</aligny>
    <sliderwidth>150</sliderwidth>
    <sliderheight>24</sliderheight>
    <texturesliderbar>HUD/SliderBG.png</texturesliderbar>
    <textureslidernib>HUD/SliderNibNF.png</textureslidernib>
    <textureslidernibfocus>HUD/SliderNibFO.png</textureslidernibfocus>
		<texturefocus border="9">img/MediaButton2.png</texturefocus>
    <texturenofocus>-</texturenofocus>
    <font>size22</font>
    <textcolor>White</textcolor>
    <focusedcolor>HL</focusedcolor>
    <selectedcolor>HL</selectedcolor>
    <disabledcolor>Disabled</disabledcolor>
    <textoffsetx>20</textoffsetx>
  </default>
  <default type="progress">
    <reveal>true</reveal>
    <texturebg>OSD/ProgressBackground.png</texturebg>
    <lefttexture>controls/ProgressLeft.png</lefttexture>
    <midtexture>controls/ProgressMid.png</midtexture>
    <righttexture>controls/ProgressRight.png</righttexture>
    <overlaytexture>-</overlaytexture>
  </default>
  <default type="scrollbar">
    <width>9</width>
    <orientation>vertical</orientation>
    <texturesliderbackground border="0,4,0,4">Scrollbar/ScrollbarBG.png</texturesliderbackground>
    <texturesliderbar border="0,4,0,4">Scrollbar/ScrollerNF.png</texturesliderbar>
    <texturesliderbarfocus border="0,4,0,4">Scrollbar/ScrollerFO.png</texturesliderbarfocus>
    <pulseonselect>false</pulseonselect>
    <showonepage>false</showonepage>
  </default>
</includes>
