<?xml version="1.0" encoding="UTF-8"?>
<window>
  <defaultcontrol always="true">20</defaultcontrol>
  <controls>
    <include>MiniBackground</include>
		<include>FullBackground</include>
    <control type="group">
      <include>OpenClose</include>
			<posx>0</posx>
      <posy>30</posy>
      <control type="label" description="Directory Contains">
        <posx>450</posx>
        <posy>-9</posy>
        <align>center</align>
        <font>size26B</font>
        <width>1020</width>
        <label>20344</label>
      </control>
      <control type="spincontrolex" id="20" description="Content Type">
        <posx>435</posx>
        <posy>75</posy>
        <width>1080</width>
        <onup>29</onup>
        <ondown>21</ondown>
        <onleft>28</onleft>
        <onright>28</onright>
        <textoffsetx>20</textoffsetx>
        <texturenofocus>-</texturenofocus>
				<label>$LOCALIZE[20344]</label>
      </control>
      <control type="image" description="Splitter">
        <posx>375</posx>
        <posy>156</posy>
        <height>1</height>
        <width>1260</width>
        <texture>img/LineST.png</texture>
      </control>
      <control type="panel" id="21" description="Scraper list">
        <posx>705</posx>
        <posy>171</posy>
        <width>810</width>
        <height>210</height>
        <onup>20</onup>
        <onleft>5</onleft>
        <onright>20</onright>
        <ondown>5</ondown>
        <itemlayout height="69" width="810">
          <control type="label">
            <posx>30</posx>
            <width>750</width>
            <height>69</height>
            <info>ListItem.Label</info>
          </control>
        </itemlayout>
        <focusedlayout height="69" width="810">
          <control type="image">
            <posy>0</posy>
            <width>810</width>
            <height>69</height>
            <texture border="9">img/MediaButton2.png</texture>
          </control>
          <control type="label">
            <posx>30</posx>
            <width>750</width>
            <height>69</height>
            <info>ListItem.Label</info>
          </control>
        </focusedlayout>
      </control>
      <control type="image" description="Splitter">
        <posx>375</posx>
        <posy>399</posy>
        <height>1</height>
        <width>1260</width>
        <texture>img/LineST.png</texture>
      </control>
      <control type="grouplist" id="5" description="Control Area">
        <posx>435</posx>
        <posy>405</posy>
        <width>1080</width>
        <height>450</height>
        <itemgap>3</itemgap>
        <onup>21</onup>
        <ondown>22</ondown>
        <onleft>noop</onleft>
        <onright>noop</onright>
        <orientation>vertical</orientation>
      </control>
      <control type="button" id="7" description="Button Default">
        <width>1080</width>
        <align>left</align>
      </control>
      <control type="radiobutton" id="8" description="RadioButton">
        <width>1080</width>
        <align>left</align>
        <radioposx>1020</radioposx>
      </control>
      <control type="group">
        <posy>72</posy>
        <control type="button" id="22" description="Settings">
          <posx>435</posx>
          <posy>723</posy>
          <width>1080</width>
          <height>75</height>
          <align>left</align>
          <label>$LOCALIZE[5]</label>
          <onup>5</onup>
          <onleft>28</onleft>
          <onright>29</onright>
          <ondown>28</ondown>
        </control>
        <control type="image" description="Splitter">
          <posx>375</posx>
          <posy>813</posy>
          <height>1</height>
          <width>1260</width>
          <texture>img/LineST.png</texture>
        </control>
        <control type="button" id="28" description="OK">
          <posx>510</posx>
          <posy>831</posy>
          <width>330</width>
          <label>186</label>
          <onleft>noop</onleft>
          <onright>29</onright>
          <onup>22</onup>
          <ondown>20</ondown>
          <align>center</align>
        </control>
        <control type="button" id="29" description="Cancel">
          <posx>1008</posx>
          <posy>831</posy>
          <width>330</width>
          <label>222</label>
          <onleft>28</onleft>
          <onright>noop</onright>
          <onup>22</onup>
          <ondown>20</ondown>
          <align>center</align>
        </control>
      </control>
      <control type="image" description="Addon Icon">
        <posx>441</posx>
        <posy>189</posy>
        <width>180</width>
        <height>180</height>
        <texture fallback="DefaultFolder.png">$INFO[ListItem.Thumb]</texture>
        <aspectratio aligny="top">scale</aspectratio>
      </control>
    </control>
  </controls>
</window>