<?xml version="1.0" encoding="UTF-8"?>
<window>
  <defaultcontrol>3</defaultcontrol>
  <controls>
    <include>FullBackground</include>
    <control type="group" description="Content">
      <include>OpenClose</include>
      <control type="image" description="Sidebar">
        <left>0</left>
        <top>0</top>
        <width>471</width>
        <height>1080</height>
        <aspectratio>stretch</aspectratio>
        <texture>img/Sidebar.png</texture>
      </control>
      <control type="label" id="1" description="Header label">
        <include>HeadingR</include>
        <label>13406</label>
      </control>
      <control type="panel" id="3">
        <posx>1200</posx>
        <posy>150</posy>
        <width>600</width>
        <height>825</height>
        <onleft>5</onleft>
        <itemlayout width="600" height="75">
          <control type="label" description="Main Label">
            <posx>20</posx>
            <posy>0</posy>
            <height>75</height>
            <width>560</width>
            <selectedcolor>HL</selectedcolor>
            <font>size24</font>
            <label>$INFO[ListItem.Label]</label>
          </control>
        </itemlayout>
        <focusedlayout width="600" height="75">
          <control type="image" description="Button">
            <posx>0</posx>
            <posy>0</posy>
            <height>75</height>
            <width>600</width>
            <texture border="9">img/MediaButton2.png</texture>
          </control>
          <control type="label" description="Main Label">
            <posx>20</posx>
            <posy>0</posy>
            <height>75</height>
            <width>560</width>
            <selectedcolor>HL</selectedcolor>
            <font>size24</font>
            <label>$INFO[ListItem.Label]</label>
          </control>
        </focusedlayout>
      </control>
      <control type="panel" id="6">
        <posx>1200</posx>
        <posy>150</posy>
        <width>600</width>
        <height>825</height>
        <onleft>5</onleft>
        <itemlayout width="600" height="75">
          <control type="label" description="Main Label">
            <posx>20</posx>
            <posy>0</posy>
            <height>75</height>
            <width>560</width>
            <selectedcolor>HL</selectedcolor>
            <font>size24</font>
            <label>$INFO[ListItem.Label]</label>
          </control>
        </itemlayout>
        <focusedlayout width="600" height="75">
          <control type="image" description="Button">
            <posx>0</posx>
            <posy>0</posy>
            <height>75</height>
            <width>600</width>
            <texture border="9">img/MediaButton2.png</texture>
          </control>
          <control type="label" description="Main Label">
            <posx>20</posx>
            <posy>0</posy>
            <height>75</height>
            <width>560</width>
            <selectedcolor>HL</selectedcolor>
            <font>size24</font>
            <label>$INFO[ListItem.Label]</label>
          </control>
        </focusedlayout>
      </control>
      <control type="button" id="5" description="Manual Get more common button">
        <posx>60</posx>
        <posy>150</posy>
        <width>360</width>
        <height>81</height>
        <texturenofocus border="4">img/SettingsButtonNF.png</texturenofocus>
        <font>size20</font>
        <onleft>3</onleft>
        <onright>3</onright>
      </control>
      <control type="group">
        <visible>!Control.IsVisible(3)</visible>
        <control type="image" description="Item Thumb">
          <centerleft>810</centerleft>
          <top>210</top>
          <width>450</width>
          <height>450</height>
          <fadetime>200</fadetime>
          <texture fallback="DefaultFolder.png">$INFO[Container(6).ListItem.Thumb]</texture>
          <bordertexture border="12">img/ThumbBorder.png</bordertexture>
          <bordersize>9</bordersize>
          <aspectratio aligny="top">keep</aspectratio>
        </control>
        <control type="label" description="Author">
          <visible>!IsEmpty(Container(6).ListItem.Property(Addon.Version))</visible>
          <centerleft>810</centerleft>
          <posy>720</posy>
          <width>450</width>
          <height>150</height>
          <align>center</align>
          <font>size22</font>
          <label>$INFO[Container(6).ListItem.Property(Addon.Version),$LOCALIZE[24051] ]</label>
        </control>
        <control type="label" description="Author">
          <visible>!IsEmpty(Container(6).ListItem.Property(Addon.Creator))</visible>
          <centerleft>810</centerleft>
          <posy>839</posy>
          <width>450</width>
          <height>150</height>
          <wrapmultiline>true</wrapmultiline>
          <align>center</align>
          <font>size22</font>
          <label>$INFO[Container(6).ListItem.Property(Addon.Creator),$LOCALIZE[21863]: ]</label>
        </control>
      </control>
    </control>
  </controls>
</window>