<?xml version="1.0" encoding="UTF-8"?>
<window>
  <defaultcontrol always="true">450</defaultcontrol>
  <controls>
    <include>FullBackground</include>
    <control type="group" description="Content">
      <include>OpenClose</include>
      <control type="image" description="Sidebar">
        <left>0</left>
        <top>0</top>
        <width>630</width>
        <height>1080</height>
        <aspectratio>stretch</aspectratio>
        <texture>img/Sidebar.png</texture>
      </control>
      <control type="group" description="Side menu 9000 group">
        <control type="grouplist" id="9000">
          <left>45</left>
          <top>135</top>
          <width>540</width>
          <height>608</height>
          <itemgap>5</itemgap>
          <onleft>450</onleft>
          <onright>450</onright>
          <onup>9000</onup>
          <ondown>9000</ondown>
					<orientation>vertical</orientation>
          <control type="button" id="413" description="Ok">
            <texturenofocus border="4">img/SettingsButtonNF.png</texturenofocus>
						<font>size22</font>
						<include>9000Buttons</include>
            <label>186</label>
          </control>
          <control type="button" id="414" description="Cancel">
            <texturenofocus border="4">img/SettingsButtonNF.png</texturenofocus>
						<font>size22</font>
						<include>9000Buttons</include>
            <label>222</label>
          </control>
          <control type="button" id="415" description="Create folder">
            <texturenofocus border="4">img/SettingsButtonNF.png</texturenofocus>
						<font>size22</font>
						<include>9000Buttons</include>
            <label>119</label>
          </control>
          <control type="radiobutton" id="416" description="Horizontal Flip">
            <radioposx>630</radioposx>
            <texturenofocus border="4">img/SettingsButtonNF.png</texturenofocus>
						<font>size22</font>
						<include>9000Buttons</include>
            <label>$LOCALIZE[749]</label>
          </control>
        </control>
      </control>
      <control type="label" id="411" description="Heading">
        <include>HeadingR</include>
        <label>-</label>
      </control>
      <control type="group" description="Group 450 No Thumbs">
        <control type="group">
          <posx>1020</posx>
          <posy>141</posy>
          <control type="group" description="Slider">
            <animation condition="Control.HasFocus(60)" effect="slide" start="0,0" end="960,519" time="300" reversible="true">Conditional</animation>
            <animation condition="Control.HasFocus(60)" effect="zoom" start="100" end="0" time="300" reversible="true">Conditional</animation>
            <control type="group">
              <visible>Container(450).HasFocus()</visible>
              <include>Slider4</include>
            </control>
            <animation type="Conditional" condition="ControlGroup(9000).HasFocus()">
              <effect type="fade" start="100" end="0" time="0" reversible="true" />
            </animation>
            <animation condition="Container(450).Position(0)" effect="slide" start="0,0" end="0,-405" time="140" reversible="true">Conditional</animation>
            <animation condition="Container(450).Position(1)" effect="slide" start="0,0" end="0,-324" time="140" reversible="true">Conditional</animation>
            <animation condition="Container(450).Position(2)" effect="slide" start="0,0" end="0,-243" time="140" reversible="true">Conditional</animation>
            <animation condition="Container(450).Position(3)" effect="slide" start="0,0" end="0,-162" time="140" reversible="true">Conditional</animation>
            <animation condition="Container(450).Position(4)" effect="slide" start="0,0" end="0,-81" time="140" reversible="true">Conditional</animation>
            <animation condition="Container(450).Position(5)" effect="slide" start="0,0" end="0,0" time="140" reversible="true">Conditional</animation>
            <animation condition="Container(450).Position(6)" effect="slide" start="0,0" end="0,81" time="140" reversible="true">Conditional</animation>
            <animation condition="Container(450).Position(7)" effect="slide" start="0,0" end="0,162" time="140" reversible="true">Conditional</animation>
            <animation condition="Container(450).Position(8)" effect="slide" start="0,0" end="0,243" time="140" reversible="true">Conditional</animation>
            <animation condition="Container(450).Position(9)" effect="slide" start="0,0" end="0,324" time="140" reversible="true">Conditional</animation>
            <animation condition="Container(450).Position(10)" effect="slide" start="0,0" end="0,405" time="140" reversible="true">Conditional</animation>
          </control>
          <control type="panel" id="450">
            <posx>0</posx>
            <posy>0</posy>
            <width>802</width>
            <height>888</height>
            <onleft>9000</onleft>
            <onright>60</onright>
            <onup>450</onup>
            <ondown>450</ondown>
            <pagecontrol>60</pagecontrol>
            <focusposition>5</focusposition>
            <movement>5</movement>
            <itemlayout width="802" height="81">
              <include>ArrowNF</include>
              <control type="label" description="Main Label">
                <include>52MainLabel</include>
                <label>$INFO[ListItem.Label]</label>
              </control>
            </itemlayout>
            <focusedlayout width="802" height="81">
              <include>ArrowFO</include>
              <control type="label" description="Main Label">
                <include>52MainLabelFO</include>
                <label>$INFO[ListItem.Label]</label>
              </control>
            </focusedlayout>
          </control>
        </control>
      </control>
      <!--<control type="group" description="Group 451 Thumbs">
        <control type="group" description="Slider and List">
          <posx>1020</posx>
          <posy>141</posy>
          <control type="panel" id="451">
            <posx>0</posx>
            <posy>0</posy>
            <width>802</width>
            <height>885</height>
            <onleft>9000</onleft>
            <onright>9000</onright>
            <onup>451</onup>
            <ondown>451</ondown>
            <pagecontrol>60</pagecontrol>
            <focusposition>3</focusposition>
            <movement>4</movement>
            <itemlayout width="802" height="111">
              <control type="image">
                <posx>0</posx>
                <posy>0</posy>
                <height>111</height>
                <width>111</width>
                <bordersize>6</bordersize>
                <texture>$INFO[ListItem.Thumb]</texture>
                <aspectratio>keep</aspectratio>
              </control>
              <control type="label" description="Main Label">
                <scroll>false</scroll>
                <textcolor>White</textcolor>
                <posx>135</posx>
                <posy>0</posy>
                <height>111</height>
                <width>600</width>
                <label>$INFO[ListItem.Label]</label>
              </control>
            </itemlayout>
            <focusedlayout width="802" height="111">
              <include>ArrowFO</include>
              <control type="image">
                <posx>0</posx>
                <posy>0</posy>
                <height>111</height>
                <width>111</width>
                <bordersize>6</bordersize>
                <texture>$INFO[ListItem.Thumb]</texture>
                <aspectratio>keep</aspectratio>
              </control>
              <control type="label" description="Main Label">
                <textcolor>White2</textcolor>
                <posx>135</posx>
                <posy>0</posy>
                <height>111</height>
                <width>600</width>
                <label>$INFO[ListItem.Label]</label>
              </control>
            </focusedlayout>
          </control>
          <control type="group" description="Slider">
            <animation condition="Control.HasFocus(60)" effect="slide" start="0,0" end="960,540" time="300" reversible="true">Conditional</animation>
            <animation condition="Control.HasFocus(60)" effect="zoom" start="100" end="0" time="300" reversible="true">Conditional</animation>
            <control type="group">
              <visible>Container(451).HasFocus()</visible>
              <include>Slider5</include>
            </control>
            <animation condition="Container(451).Position(0)" effect="slide" start="0,0" end="0,-333" time="180" easing="inout" reversible="true">Conditional</animation>
            <animation condition="Container(451).Position(1)" effect="slide" start="0,0" end="0,-222" time="180" easing="inout" reversible="true">Conditional</animation>
            <animation condition="Container(451).Position(2)" effect="slide" start="0,0" end="0,-111" time="180" easing="inout" reversible="true">Conditional</animation>
            <animation condition="Container(451).Position(3)" effect="slide" start="0,0" end="0,0" time="180" easing="inout" reversible="true">Conditional</animation>
            <animation condition="Container(451).Position(4)" effect="slide" start="0,0" end="0,111" time="180" easing="inout" reversible="true">Conditional</animation>
            <animation condition="Container(451).Position(5)" effect="slide" start="0,0" end="0,222" time="180" easing="inout" reversible="true">Conditional</animation>
            <animation condition="Container(451).Position(6)" effect="slide" start="0,0" end="0,333" time="180" easing="inout" reversible="true">Conditional</animation>
            <animation condition="Container(451).Position(7)" effect="slide" start="0,0" end="0,444" time="180" easing="inout" reversible="true">Conditional</animation>
            <animation condition="Container(451).Position(8)" effect="slide" start="0,0" end="0,555" time="180" easing="inout" reversible="true">Conditional</animation>
          </control>
        </control>
      </control>-->
      <control type="group" description="Thumbs">
        <posx>60</posx>
        <posy>510</posy>
        <control type="image" description="Item Thumb NOT FLIPPED">
          <visible>!SubString(Control.GetLabel(416),*)</visible>
          <posx>0</posx>
          <posy>0</posy>
          <width>500</width>
          <height>500</height>
          <fadetime>200</fadetime>
          <texture>$INFO[ListItem.Thumb]</texture>
          <aspectratio>keep</aspectratio>
        </control>
        <control type="image" description="Item Thumb FLIPPED">
          <visible>SubString(Control.GetLabel(416),*)</visible>
          <width>500</width>
          <height>500</height>
          <fadetime>200</fadetime>
          <texture flipx="true">$INFO[ListItem.Thumb]</texture>
          <aspectratio>keep</aspectratio>
        </control>
      </control>
    </control>
  </controls>
</window>