<?xml version="1.0" encoding="UTF-8"?>
<window type="dialog">
  <defaultcontrol always="true">5</defaultcontrol>
  <controls>
    <include>FullBackground</include>
    <control type="group" description="Content">
      <include>OpenClose</include>
      <control type="label" id="102" description="Profile Name">
        <include>HeadingR</include>
      </control>
      <control type="image" id="101" description="Profile image">
        <posx>270</posx>
        <posy>234</posy>
        <width>450</width>
        <height>450</height>
        <texture>unknown-user.png</texture>
        <aspectratio>scale</aspectratio>
      </control>
      <control type="label" id="103" description="Profile Directory">
        <posx>990</posx>
        <posy>120</posy>
        <width>810</width>
        <align>center</align>
        <font>size18</font>
      </control>
      <control type="group">
        <posx>1020</posx>
        <posy>222</posy>
        <control type="grouplist" id="5">
          <description>Control Area</description>
          <posx>0</posx>
          <posy>0</posy>
          <width>802</width>
          <height>810</height>
          <itemgap>0</itemgap>
          <aligny>top</aligny>
          <orientation>vertical</orientation>
          <onleft>noop</onleft>
          <onright>noop</onright>
          <onup>29</onup>
          <ondown>28</ondown>
        </control>
        <control type="button" id="7">
          <height>81</height>
          <align>left</align>
        </control>
        <control type="radiobutton" id="8">
          <height>81</height>
          <align>left</align>
        </control>
        <control type="spincontrolex" id="9">
          <height>81</height>
          <align>left</align>
        </control>
        <control type="button" id="28" description="OK">
          <posx>0</posx>
          <posy>561</posy>
          <width>330</width>
          <label>186</label>
          <onleft>29</onleft>
          <onright>29</onright>
          <onup>5</onup>
          <ondown>5</ondown>
          <align>center</align>
          <texturenofocus border="4">img/SettingsButtonNF.png</texturenofocus>
        </control>
        <control type="button" id="29" description="Cancel">
          <posx>472</posx>
          <posy>561</posy>
          <width>330</width>
          <label>222</label>
          <onleft>28</onleft>
          <onright>28</onright>
          <onup>5</onup>
          <ondown>5</ondown>
          <align>center</align>
          <texturenofocus border="4">img/SettingsButtonNF.png</texturenofocus>
        </control>
      </control>
    </control>
  </controls>
</window>