<?xml version="1.0" encoding="UTF-8"?>
<includes>
  <include name="View_Videos" description="All Video Views">
    <control type="group" description="List 50 base">
      <visible>Control.IsVisible(50)</visible>
      <include>DefaultThumbs</include>
      <control type="group" description="Slider and List">
        <include>SlimListItemCount</include>
        <posx>1020</posx>
        <posy>141</posy>
        <include>SlimListSlider</include>
        <control type="fixedlist" id="50">
          <posx>0</posx>
          <posy>0</posy>
          <width>802</width>
          <height>891</height>
          <onleft condition="!Skin.HasSetting(ViewOptions_Hide)">9000</onleft>
          <onright condition="!Skin.HasSetting(ViewOptions_Hide)">9000</onright>
          <onup>50</onup>
          <ondown>50</ondown>
          <viewtype label="535">List</viewtype>
          <focusposition>5</focusposition>
          <movement>5</movement>
          <preloaditems>4</preloaditems>
          
          <itemlayout condition="SubString(Container.FolderPath,plugin://,left)" width="802" height="81">
            <control type="label" description="Main Label">
              <width>720</width>
              <include>52MainLabel</include>
              <label>$INFO[ListItem.Label]</label>
            </control>
          </itemlayout>
          <focusedlayout condition="SubString(Container.FolderPath,plugin://,left)" width="802" height="81">
            <control type="label" description="Main Label">
              <width>720</width>
              <include>52MainLabelFO</include>
              <label>$INFO[ListItem.Label]</label>
            </control>
          </focusedlayout>
          <itemlayout width="802" height="81">
            <include>Watched_Marks</include>
            <!--<include>HD_Badge</include>-->
            <include>3D_Badge</include>
            <include>ArrowNF</include>
            <control type="label" description="Main Label">
              <visible>IntegerGreaterThan(ListItem.VideoResolution,700) | ListItem.IsFolder</visible>
              <include>52MainLabel</include>
              <label>$INFO[ListItem.Label]</label>
            </control>
            <control type="label" description="Main Label">
              <visible>![IntegerGreaterThan(ListItem.VideoResolution,700) | ListItem.IsFolder]</visible>
              <width>711</width>
              <include>52MainLabel</include>
              <label>$INFO[ListItem.Label]</label>
            </control>
            <control type="label" description="Label2">
              <visible>container.content(songs) | container.content(musicvideos)</visible>
              <include>52Label2</include>
              <label>$INFO[ListItem.Duration]</label>
            </control>
          </itemlayout>
          <focusedlayout width="802" height="81">
            <include>Watched_Marks</include>
            <!--<include>HD_Badge</include>-->
            <include>3D_Badge</include>
            <include>ArrowFO</include>
            <control type="label" description="Main Label">
              <visible>IntegerGreaterThan(ListItem.VideoResolution,700) | ListItem.IsFolder</visible>
              <include>52MainLabelFO</include>
              <label>$INFO[ListItem.Label]</label>
            </control>
            <control type="label" description="Main Label">
              <visible>![IntegerGreaterThan(ListItem.VideoResolution,700) | ListItem.IsFolder]</visible>
              <width>711</width>
              <include>52MainLabelFO</include>
              <label>$INFO[ListItem.Label]</label>
            </control>
            <control type="label" description="Label2">
              <visible>container.content(songs) | container.content(musicvideos)</visible>
              <include>52Label2FO</include>
              <label>$INFO[ListItem.Duration]</label>
            </control>
          </focusedlayout>
        </control>
      </control>
      <!--<include>SlimListFade</include>-->
      <!--<control type="scrollbar" id="60">
        <posx>39r</posx>
        <posy>147</posy>
        <height>882</height>
        <onleft>50</onleft>
        <onright>noop</onright>
      </control>-->
    </control>
    <control type="group" description="Big List 51">
      <visible>Control.IsVisible(51)</visible>
      <include>DefaultThumbs</include>
      <control type="group" description="Slider and List">
        <include>LargeListItemCount</include>
        <posx>1020</posx>
        <posy>141</posy>
        <control type="fixedlist" id="51">
          <visible>container.content(movies) | container.content(tvshows) | container.content(seasons) | container.content(episodes) | container.content(musicvideos) | container.content(addons) | container.content(files)</visible>
          <posx>0</posx>
          <posy>0</posy>
          <width>802</width>
          <height>888</height>
          <onleft condition="!Skin.HasSetting(ViewOptions_Hide)">9000</onleft>
          <onright condition="!Skin.HasSetting(ViewOptions_Hide)">9000</onright>
          <onup>51</onup>
          <ondown>51</ondown>
          
          <viewtype label="537">Big List 51</viewtype>
          <focusposition>3</focusposition>
          <movement>4</movement>
          <preloaditems>4</preloaditems>
          
          <include>LargeListAddonsLayout</include>
          <include>LargeListSeasonsTVPostersLayout</include>
          <include>LargeListMoviesLayout</include>
          <include>LargeListFilesLayout</include>
          <include>LargeListNoThumbEpisodesLayout</include>
        </control>
        <include>LargeListSlider</include>
      </control>
      <!--<include>LargeListFade</include>-->
      <!--<control type="scrollbar" id="60">
        <posx>39r</posx>
        <posy>135</posy>
        <height>870</height>
        <onleft>51</onleft>
        <onright>noop</onright>
      </control>-->
    </control>
    <control type="group" description="Large Infolist2">
      <visible>Control.IsVisible(52)</visible>
      <control type="group" description="NON music info">
        <visible>![container.content(musicvideos) | container.content(movies) | container.content(tvshows) | container.content(seasons)]</visible>
        <include>DefaultInfoThumbs</include>
        <include>DefaultMediaInfo</include>
      </control>
      <control type="group" description="Music info">
        <visible>container.content(musicvideos)</visible>
        <include>DefaultInfoThumbs</include>
        <include>MusicInfo</include>
      </control>
      <control type="group" description="Media info">
        <visible>container.content(movies) | container.content(tvshows) | container.content(seasons)</visible>
        <visible>!SubString(ListItem.Path,videodb://movies/sets/)</visible>
        <animation effect="fade" time="400">Visible</animation>
        <animation effect="fade" time="0">Hidden</animation>
        <posx>112</posx>
        <posy>-75</posy>
        <control type="group" description="Thumbs with info">
          <posy>193</posy>
          <posx>0</posx>
          <control type="image" description="Thumb">
            <posx>0</posx>
            <posy>0</posy>
            <width>756</width>
            <height>495</height>
            <include>Icon_Fade</include>
            <texture fallback="DefaultFolder.png" background="true">$INFO[ListItem.Thumb]</texture>
            <aspectratio aligny="bottom">keep</aspectratio>
           <bordertexture border="12">img/ThumbBorder.png</bordertexture>
        <bordersize>9</bordersize>
          </control>
        </control>
        <control type="group" description="Media info Top">
          <posx>0</posx>
          <posy>742</posy>
          <control type="label" description="Main Label">
            <width>750</width>
            <font>size22B</font>
            <textcolor>HL</textcolor>
            <include>Genre51Commons</include>
            <label>$INFO[ListItem.Label]</label>
          </control>
          <control type="image">
            <posx>0</posx>
            <posy>44</posy>
            <height>1</height>
            <width>758</width>
            <texture>img/LineST.png</texture>
          </control>
          <control type="textbox" description="Plot51">
            <include>Plot51Commons</include>
            <label>$VAR[Plots]</label>
          </control>
          <control type="image">
            <posx>0</posx>
            <posy>223</posy>
            <height>1</height>
            <width>758</width>
            <texture>img/LineST.png</texture>
          </control>
        </control>
        <control type="group" description="Media Info Bottom">
          <posx>0</posx>
          <posy>891</posy>
          <control type="label" description="MPAA">
            <posy>90</posy>
            <include>Genre51Commons</include>
            <label>$INFO[ListItem.MPAA]</label>
          </control>
          <control type="grouplist">
            <posx>0</posx>
            <posy>130</posy>
            <width>auto</width>
            <height>33</height>
            <orientation>horizontal</orientation>
            <align>left</align>
            <itemgap>30</itemgap>
            <control type="label" description="Details">
              <height>33</height>
              <width max="735">auto</width>
              <include>Genre51Commons</include>
              <label>$VAR[500TopLabel]$VAR[Trailer, • ]</label>
            </control>
          </control>
          <control type="label" description="Genre">
            <posy>171</posy>
            <include>Genre51Commons</include>
            <label>$INFO[ListItem.Genre]</label>
          </control>
        </control>
      </control>
      <control type="group" description="Slider and List">
        <include>LargeListItemCount</include>
        <posx>1020</posx>
        <posy>141</posy>
        <control type="fixedlist" id="52">
          <visible>container.content(Movies) | container.content(TVshows) | container.content(Seasons) | container.content(episodes) | container.content(musicvideos) | container.content(files)</visible>
          <posx>0</posx>
          <posy>0</posy>
          <width>802</width>
          <height>888</height>
          <onleft condition="!Skin.HasSetting(ViewOptions_Hide)">9000</onleft>
          <onright condition="!Skin.HasSetting(ViewOptions_Hide)">9000</onright>
          <onup>52</onup>
          <ondown>52</ondown>
          <viewtype label="544">Media info</viewtype>
          <focusposition>3</focusposition>
          <movement>4</movement>
          <preloaditems>4</preloaditems>
          <scrolltime>300</scrolltime>
          <include>LargeListNoThumbFilesLayout</include>
          <include>LargeListMoviesLayout</include>
          <include>LargeListSeasonsTVPostersLayout</include>
          <include>LargeListNoThumbEpisodesLayout</include>
        </control>
        <include>LargeListSlider</include>
      </control>
    </control>
    <control type="group" description="Infolist 2 - Movies are animated">
      <visible>Control.IsVisible(54)</visible>
      <control type="group" description="Movies Section">
        <visible>Container.Content(Movies)</visible>
        <control type="group" description="Fanart">
          <posx>114</posx>
          <posy>85</posy>
          <control type="image" description="Thumb">
            <posx>-6</posx>
            <posy>0</posy>
            <width>774</width>
            <height>441</height>
            <include>Fanart_Fade</include>
            <texture background="true">$VAR[Fanart.Thumb]</texture>
            <bordertexture border="12">img/ThumbBorder.png</bordertexture>
      			<bordersize>9</bordersize>
						<aspectratio aligny="bottom">keep</aspectratio>
			    </control>
        </control>
        <control type="group" description="Media info">
          <posx>112</posx>
          <posy>-120</posy>
          <control type="group" description="Media info Top">
            <posx>0</posx>
            <posy>690</posy>
            <control type="label" description="Main Label">
              <width>750</width>
              <font>size22B</font>
              <textcolor>HL</textcolor>
              <include>Genre51Commons</include>
              <label>$INFO[ListItem.Label]</label>
            </control>
            <control type="image">
              <posx>0</posx>
              <posy>46</posy>
              <height>1</height>
              <width>758</width>
              <texture>img/LineST.png</texture>
            </control>
            <control type="textbox" description="Plot51">
              <height>249</height>
              <include>Plot51Commons</include>
              <label fallback="31979">$VAR[Plots]</label>
            </control>
            <control type="image">
              <posx>0</posx>
              <posy>308</posy>
              <height>1</height>
              <width>758</width>
              <texture>img/LineST.png</texture>
            </control>
          </control>
          <control type="group" description="Media Info Bottom">
            <posx>0</posx>
            <posy>921</posy>
            <control type="label" description="MPAA">
              <posy>90</posy>
              <textcolor>White</textcolor>
              <include>Genre51Commons</include>
              <label>$INFO[ListItem.MPAA]</label>
            </control>
            <control type="grouplist">
              <posx>0</posx>
              <posy>130</posy>
              <width>auto</width>
              <height>33</height>
              <orientation>horizontal</orientation>
              <align>left</align>
              <itemgap>30</itemgap>
              <control type="label" description="Details">
                <textcolor>White</textcolor>
                <height>33</height>
                <width max="735">auto</width>
                <include>Genre51Commons</include>
                <label>$VAR[500TopLabel]$VAR[Trailer, • ]</label>
              </control>
            </control>
            <control type="label" description="Genre">
              <posy>171</posy>
              <include>Genre51Commons</include>
              <label>$INFO[ListItem.Genre]</label>
            </control>
          </control>
        </control>
      </control>
      <control type="group" description="NON Movies section">
        <visible>!container.content(movies)</visible>
        <animation effect="fade" time="400">Visible</animation>
        <animation effect="fade" time="0">Hidden</animation>
        <posx>112</posx>
        <posy>-81</posy>
        <control type="group" description="FA">
          <posy>195</posy>
          <posx>0</posx>
          <control type="image" description="Thumb">
            <posx>0</posx>
            <posy>0</posy>
            <width>756</width>
            <height>426</height>
            <include>Icon_Fade</include>
            <texture background="true">$INFO[ListItem.Art(fanart)]</texture>
						<bordertexture border="12">img/ThumbBorder.png</bordertexture>
			      <bordersize>9</bordersize>
          </control>
        </control>
        <control type="group" description="Media info Top">
          <visible>container.content(tvshows) | container.content(seasons) | container.content(episodes)</visible>
          <posx>0</posx>
          <posy>702</posy>
          <control type="label" description="Main Label">
            <width>750</width>
            <font>size22B</font>
            <textcolor>HL</textcolor>
            <include>Genre51Commons</include>
            <label>$INFO[ListItem.Label]</label>
          </control>
          <control type="image">
            <posx>0</posx>
            <posy>46</posy>
            <height>1</height>
            <width>758</width>
            <texture>img/LineST.png</texture>
          </control>
          <control type="textbox" description="Plot51">
            <height>213</height>
            <include>Plot51Commons</include>
            <label>$VAR[Plots]</label>
          </control>
          <control type="image">
            <posx>0</posx>
            <posy>266</posy>
            <height>1</height>
            <width>758</width>
            <texture>img/LineST.png</texture>
          </control>
        </control>
        <control type="group" description="Media Info Bottom">
          <visible>container.content(tvshows) | container.content(seasons) | container.content(episodes)</visible>
          <posx>0</posx>
          <posy>891</posy>
          <control type="label" description="MPAA">
            <posy>90</posy>
            <include>Genre51Commons</include>
            <label>$INFO[ListItem.MPAA]</label>
          </control>
          <control type="label" description="Genre">
            <visible>!container.content(episodes)</visible>
            <posy>130</posy>
            <include>Genre51Commons</include>
            <label>$INFO[ListItem.Genre]</label>
          </control>
          <control type="label" description="Genre">
            <visible>container.content(episodes)</visible>
            <posy>130</posy>
            <include>Genre51Commons</include>
            <label>$INFO[ListItem.Rating]</label>
          </control>
          <control type="label" description="Details">
            <posy>171</posy>
            <include>Genre51Commons</include>
            <label>$VAR[500TopLabel]</label>
          </control>
        </control>
        <control type="group">
          <visible>Container.Content(MusicVideos)</visible>
          <include>MusicInfo</include>
        </control>
        <control type="group">
          <visible>![Container.Content(MusicVideos) | container.content(tvshows) | container.content(seasons) | container.content(episodes)]</visible>
          <include>DefaultMediaInfo</include>
        </control>
      </control>
      <control type="group" description="Slider and List">
        <include>LargeListItemCount</include>
        <posx>1020</posx>
        <posy>141</posy>
        <control type="fixedlist" id="54">
          <visible>container.content(files) | container.content(movies) | container.content(tvshows) | container.content(seasons) | container.content(episodes)</visible>
          <posx>0</posx>
          <posy>0</posy>
          <width>802</width>
          <height>888</height>
          <onleft condition="!Skin.HasSetting(ViewOptions_Hide)">9000</onleft>
          <onright condition="!Skin.HasSetting(ViewOptions_Hide)">9000</onright>
          <onup>54</onup>
          <ondown>54</ondown>
          <viewtype label="$LOCALIZE[544] 2">Media info 2</viewtype>
          <focusposition>3</focusposition>
          <movement>4</movement>
          <preloaditems>4</preloaditems>
          <include>LargeListMoviesLayout</include>
          <include>LargeListMVideosEpisodesLayout</include>
          <include>LargeListFilesLayout</include>
          <include>LargeListSeasonsTVPostersLayout</include>
        </control>
        <include>LargeListSlider</include>
      </control>
      </control>
    <!--<control type="group" description="Fanart 1">
      <visible>Control.IsVisible(57)</visible>
      <control type="image" description="fanart">
        <posx>0</posx>
        <posy>0</posy>
        <width>1920</width>
        <height>1080</height>
        <fadetime>300</fadetime>
        <animation effect="fade" time="300">Visible</animation>
        <animation effect="fade" time="300">Hidden</animation>
        <aspectratio>stretch</aspectratio>
        <texture background="true">$INFO[ListItem.Art(fanart)]</texture>
      </control>
      <control type="image">
        <posx>0</posx>
        <bottom>0</bottom>
        <width>1920</width>
        <height>768</height>
		<texture>img/background_overlay.png</texture>
        <aspectratio>stretch</aspectratio>
      </control>
      <control type="group" description="Faded Info thumbs">
        <animation effect="fade" delay="100" time="300">Visible</animation>
        <animation effect="fade" time="0">Hidden</animation>
        <posx>60</posx>
        <posy>406</posy>
        <control type="group" description="Regular Posters">
          <control type="image" description="Thumb">
            <posx>0</posx>
            <posy>0</posy>
            <width>330</width>
            <height>480</height>
            <include>Icon_Fade</include>
            <texture fallback="DefaultFolder.png" background="true">$INFO[ListItem.Thumb]</texture>
            <aspectratio>scale</aspectratio>
          </control>
          <control type="image" description="Thumb">
            <posx>0</posx>
            <posy>0</posy>
            <width>330</width>
            <height>480</height>
            <include>Icon_Fade</include>
            <texture border="3">img/CoverOverlay0.png</texture>
            <aspectratio>stretch</aspectratio>
          </control>
        </control>
      </control>
      <control type="group" description="Media info">
        <animation effect="fade" delay="100" time="300">Visible</animation>
        <animation effect="fade" time="0">Hidden</animation>
        <posx>60</posx>
        <posy>47</posy>
        <control type="group">
          <posx>390</posx>
          <posy>300</posy>
          <control type="textbox" description="Plot51">
            <posy>63</posy>
			<width>470</width>
            <height>490</height>
            <include>Plot51Commons</include>
            <label>$VAR[Plots]</label>
          </control>
        </control>
        <control type="group" description="Right">
          <posx>0</posx>
          <posy>752</posy>
          <control type="label" description="Genre">
            <posy>130</posy>
            <width>860</width>
			<include>Genre500Commons</include>
            <label>[COLOR=Grey]$LOCALIZE[515]:[/COLOR] $INFO[ListItem.Genre]</label>
          </control>
          <control type="label" description="Details">
            <posy>170</posy>
            <height>33</height>
            <width>860</width>
            <include>Genre500Commons</include>
            <label>[COLOR=Grey]$LOCALIZE[33029]:[/COLOR] $VAR[500TopLabel]$VAR[Trailer, • ]$INFO[ListItem.MPAA, • ]</label>
          </control>
        </control>
      </control>
      <control type="group">
        <animation effect="slide" start="0,0" end="0,-243" time="0" condition="StringCompare(Container.NumItems,1)">conditional</animation>
        <animation effect="slide" start="0,0" end="0,-243" time="0" condition="StringCompare(Container.NumItems,2)">conditional</animation>
        <animation effect="slide" start="0,0" end="0,-162" time="0" condition="StringCompare(Container.NumItems,3)">conditional</animation>
        <animation effect="slide" start="0,0" end="0,-162" time="0" condition="StringCompare(Container.NumItems,4)">conditional</animation>
        <animation effect="slide" start="0,0" end="0,-81" time="0" condition="StringCompare(Container.NumItems,5)">conditional</animation>
        <animation effect="slide" start="0,0" end="0,-81" time="0" condition="StringCompare(Container.NumItems,6)">conditional</animation>
        <posx>1040</posx>
        <posy>384</posy>
        <control type="group" description="Slider">
          <animation condition="Control.HasFocus(60)" effect="slide" start="0,0" end="960,519" time="300" reversible="true">Conditional</animation>
          <animation condition="Control.HasFocus(60)" effect="zoom" start="100" end="0" time="300" reversible="true">Conditional</animation>
          <include>Slider4</include>
          <animation condition="Container(57).Position(0)" effect="slide" start="0,0" end="0,-405" time="180" easing="inout" reversible="true">Conditional</animation>
          <animation condition="Container(57).Position(1)" effect="slide" start="0,0" end="0,-324" time="180" easing="inout" reversible="true">Conditional</animation>
          <animation condition="Container(57).Position(2)" effect="slide" start="0,0" end="0,-243" time="180" easing="inout" reversible="true">Conditional</animation>
          <animation condition="Container(57).Position(3)" effect="slide" start="0,0" end="0,-162" time="180" easing="inout" reversible="true">Conditional</animation>
          <animation condition="Container(57).Position(4)" effect="slide" start="0,0" end="0,-81" time="180" easing="inout" reversible="true">Conditional</animation>
          <animation condition="Container(57).Position(5)" effect="slide" start="0,0" end="0,0" time="180" easing="inout" reversible="true">Conditional</animation>
          <animation condition="Container(57).Position(6)" effect="slide" start="0,0" end="0,81" time="180" easing="inout" reversible="true">Conditional</animation>
          <animation condition="Container(57).Position(7)" effect="slide" start="0,0" end="0,162" time="180" easing="inout" reversible="true">Conditional</animation>
          <animation condition="Container(57).Position(8)" effect="slide" start="0,0" end="0,243" time="180" easing="inout" reversible="true">Conditional</animation>
          <animation condition="Container(57).Position(9)" effect="slide" start="0,0" end="0,324" time="180" easing="inout" reversible="true">Conditional</animation>
          <animation condition="Container(57).Position(10)" effect="slide" start="0,0" end="0,405" time="180" easing="inout" reversible="true">Conditional</animation>
        </control>
        <control type="fixedlist" id="57">
          <visible>Skin.HasSetting(AddViews)</visible>
          <visible>container.content(Movies) | container.content(TVshows) | container.content(seasons)</visible>
          <posx>0</posx>
          <posy>0</posy>
          <width>802</width>
          <height>648</height>
          <onleft condition="!Skin.HasSetting(ViewOptions_Hide)">9000</onleft>
          <onleft condition="Skin.HasSetting(ViewOptions_Hide)">-</onleft>
          <onright condition="Skin.HasSetting(Scrollbars_Active)">60</onright>
          <onright condition="!Skin.HasSetting(Scrollbars_Active)">-</onright>
          <onup>57</onup>
          <ondown>57</ondown>
          <pagecontrol>60</pagecontrol>
          <viewtype label="$LOCALIZE[20445] 1">Fanart 1</viewtype>
          <focusposition>3</focusposition>
          <movement>4</movement>
          <preloaditems>4</preloaditems>
          
          <itemlayout width="802" height="81">
            <include>Watched_Marks</include>
            <include>HD_Badge</include>
            <include>3D_Badge</include>
            <include>Sets</include>
            <include>Unwatched_Badge</include>
            <control type="label" description="Main Label">
              <visible>!IntegerGreaterThan(ListItem.VideoResolution,700)</visible>
              <width>720</width>
              <include>52MainLabel</include>
              <label>$INFO[ListItem.Label]</label>
            </control>
            <control type="label" description="Main Label">
              <visible>IntegerGreaterThan(ListItem.VideoResolution,700)</visible>
              <include>52MainLabel</include>
              <label>$INFO[ListItem.Label]</label>
            </control>
            <control type="label" description="Label2">
              <visible>container.content(musicvideos)</visible>
              <include>52Label2</include>
              <scroll>false</scroll>
              <textcolor>White</textcolor>
              <label>$INFO[ListItem.Duration]</label>
            </control>
          </itemlayout>
          <focusedlayout width="802" height="81">
            <include>Watched_Marks</include>
            <include>HD_Badge</include>
            <include>3D_Badge</include>
            <include>SetsFO</include>
            <include>Unwatched_BadgeFO</include>
            <control type="label" description="Main Label">
              <visible>!IntegerGreaterThan(ListItem.VideoResolution,700)</visible>
              <width>720</width>
              <include>52MainLabelFO</include>
              <label>$INFO[ListItem.Label]</label>
            </control>
            <control type="label" description="Main Label">
              <visible>IntegerGreaterThan(ListItem.VideoResolution,700)</visible>
              <include>52MainLabelFO</include>
              <label>$INFO[ListItem.Label]</label>
            </control>
            <control type="label" description="Label2">
              <visible>container.content(musicvideos)</visible>
              <include>52Label2FO</include>
              <label>$INFO[ListItem.Duration]</label>
            </control>
          </focusedlayout>
        </control>
      </control>
      <control type="image">
        <animation effect="fade" time="200">VisibleChange</animation>
        <visible>Container.Position(5) | Container.HasNext</visible>
        <posx>1005</posx>
        <posy>963</posy>
        <height>81</height>
        <width>832</width>
        <texture>img/DefaultGradient.png</texture>
        <aspectratio>stretch</aspectratio>
      </control>
      <control type="scrollbar" id="60">
        <posx>39r</posx>
        <posy>399</posy>
        <height>630</height>
        <onleft>57</onleft>
        <onright>noop</onright>
      </control>
    </control>-->
    <!--<control type="group" description="Fanart 2">
      <visible>Control.IsVisible(59)</visible>
      <control type="group" description="Furniture">
        <control type="image" description="fanart">
          <posx>0</posx>
          <posy>0</posy>
          <width>1920</width>
          <height>1080</height>
          <fadetime>200</fadetime>
          <animation effect="fade" time="300">Visible</animation>
          <animation effect="fade" time="300">Hidden</animation>
          <aspectratio>stretch</aspectratio>
          <texture background="true">$INFO[ListItem.Art(fanart)]</texture>
        </control>
        <control type="image">
          <include>Dimensions_Fullscreen</include>
          <texture>img/Vignette_58.png</texture>
          <aspectratio>stretch</aspectratio>
        </control>
        <control type="group" description="Thumbs">
          <posx>-255</posx>
          <posy>525</posy>
          <control type="group" description="Regular Posters">
            <visible>container.content(seasons) | container.content(movies) | container.content(TVshows)</visible>
            <posy>117</posy>
            <control type="image" description="Thumb">
              <posx>363</posx>
              <posy>12</posy>
              <width>240</width>
              <height>356</height>
              <fadetime>50</fadetime>
              <texture fallback="DefaultFolder.png" background="true">$INFO[ListItem.Thumb]</texture>
              <aspectratio>scale</aspectratio>
            </control>
            <control type="image" description="Thumb">
              <visible>!IsEmpty(ListItem.Thumb)</visible>
              <posx>363</posx>
              <posy>12</posy>
              <width>240</width>
              <height>356</height>
              <texture border="3">img/CoverOverlay0.png</texture>
              <aspectratio>stretch</aspectratio>
            </control>
          </control>
        </control>
        <control type="group" description="Media info">
          <posx>390</posx>
          <posy>-114</posy>
          <control type="group">
            <posx>0</posx>
            <posy>690</posy>
            <control type="label" description="Main Label">
              <visible>false</visible>
              <posy>45</posy>
              <width>630</width>
              <font>size22B</font>
              <textcolor>White2</textcolor>
              <include>Genre51Commons</include>
              <label>$INFO[ListItem.Title]</label>
            </control>
            <control type="image" description="Rating">
              <posx>0</posx>
              <posy>408</posy>
              <include>10Rating</include>
            </control>
            <control type="textbox" description="Plot51">
              <posx>0</posx>
              <posy>68</posy>
              <width>540</width>
              <height>250</height>
              <font>size20</font>
              <align>justify</align>
              <aligny>bottom</aligny>
              <textcolor>Silver</textcolor>
              <autoscroll delay="8000" time="4300" repeat="10000">Skin.HasSetting(AutoScroll)</autoscroll>
              <label>$VAR[Plots]</label>
            </control>
            <control type="label" description="2 bottom Label">
              <width>540</width>
              <posy>323</posy>
              <include>Genre51Commons</include>
              <label>$INFO[ListItem.Genre]</label>
            </control>
            <control type="label" description="1 Bottom Label">
              <width>540</width>
              <posy>360</posy>
              <include>Genre51Commons</include>
              <label>$VAR[TopLabel]</label>
            </control>
          </control>
        </control>
      </control>
      <control type="group" description="Slider and Container">
        <animation effect="slide" start="0,0" end="0,-162" time="0" condition="StringCompare(Container.NumItems,1)">conditional</animation>
        <animation effect="slide" start="0,0" end="0,-81" time="0" condition="StringCompare(Container.NumItems,3)">conditional</animation>
        <animation effect="slide" start="0,0" end="0,-81" time="0" condition="StringCompare(Container.NumItems,2)">conditional</animation>
        <posx>1020</posx>
        <posy>627</posy>
        <control type="group" description="Slider">
          <animation condition="Control.HasFocus(60)" effect="slide" start="0,0" end="930,225" time="300" reversible="true">Conditional</animation>
          <animation condition="Control.HasFocus(60)" effect="zoom" start="100" end="0" time="300" reversible="true">Conditional</animation>
          <include>Slider4</include>
          <animation condition="Container(59).Position(0)" effect="slide" start="0,0" end="0,-405" time="180" easing="inout" reversible="true">Conditional</animation>
          <animation condition="Container(59).Position(1)" effect="slide" start="0,0" end="0,-324" time="180" easing="inout" reversible="true">Conditional</animation>
          <animation condition="Container(59).Position(2)" effect="slide" start="0,0" end="0,-243" time="180" easing="inout" reversible="true">Conditional</animation>
          <animation condition="Container(59).Position(3)" effect="slide" start="0,0" end="0,-162" time="180" easing="inout" reversible="true">Conditional</animation>
          <animation condition="Container(59).Position(4)" effect="slide" start="0,0" end="0,-81" time="180" easing="inout" reversible="true">Conditional</animation>
          <animation condition="Container(59).Position(5)" effect="slide" start="0,0" end="0,0" time="180" easing="inout" reversible="true">Conditional</animation>
          <animation condition="Container(59).Position(6)" effect="slide" start="0,0" end="0,81" time="180" easing="inout" reversible="true">Conditional</animation>
          <animation condition="Container(59).Position(7)" effect="slide" start="0,0" end="0,162" time="180" easing="inout" reversible="true">Conditional</animation>
          <animation condition="Container(59).Position(8)" effect="slide" start="0,0" end="0,243" time="180" easing="inout" reversible="true">Conditional</animation>
          <animation condition="Container(59).Position(9)" effect="slide" start="0,0" end="0,324" time="180" easing="inout" reversible="true">Conditional</animation>
          <animation condition="Container(59).Position(10)" effect="slide" start="0,0" end="0,405" time="180" easing="inout" reversible="true">Conditional</animation>
        </control>
        <control type="fixedlist" id="59">
          <visible>Skin.HasSetting(AddViews)</visible>
          <visible>container.content(seasons) | container.content(TVshows) | container.content(Movies)</visible>
          <posx>0</posx>
          <posy>0</posy>
          <width>802</width>
          <height>405</height>
          <onleft condition="!Skin.HasSetting(ViewOptions_Hide)">9000</onleft>
          <onleft condition="Skin.HasSetting(ViewOptions_Hide)">-</onleft>
          <onright condition="Skin.HasSetting(Scrollbars_Active)">60</onright>
          <onright condition="!Skin.HasSetting(Scrollbars_Active)">-</onright>
          <onup>59</onup>
          <ondown>59</ondown>
          <pagecontrol>60</pagecontrol>
          <viewtype label="$LOCALIZE[20445] 2">Fanart 2</viewtype>
          <focusposition>2</focusposition>
          <movement>2</movement>
          <preloaditems>4</preloaditems>
          
          <itemlayout width="802" height="81">
            <include>Watched_Marks</include>
            <include>HD_Badge</include>
            <include>3D_Badge</include>
            <include>Sets</include>
            <include>Unwatched_Badge</include>
            <control type="label" description="Main Label">
              <visible>!IntegerGreaterThan(ListItem.VideoResolution,700)</visible>
              <width>720</width>
              <include>52MainLabel</include>
              <label>$INFO[ListItem.Label]</label>
            </control>
            <control type="label" description="Main Label">
              <visible>IntegerGreaterThan(ListItem.VideoResolution,700)</visible>
              <include>52MainLabel</include>
              <label>$INFO[ListItem.Label]</label>
            </control>
          </itemlayout>
          <focusedlayout width="802" height="81">
            <include>Watched_Marks</include>
            <include>HD_Badge</include>
            <include>3D_Badge</include>
            <include>SetsFO</include>
            <include>Unwatched_BadgeFO</include>
            <control type="label" description="Main Label">
              <visible>!IntegerGreaterThan(ListItem.VideoResolution,700)</visible>
              <width>720</width>
              <include>52MainLabelFO</include>
              <label>$INFO[ListItem.Label]</label>
            </control>
            <control type="label" description="Main Label">
              <visible>IntegerGreaterThan(ListItem.VideoResolution,700)</visible>
              <include>52MainLabelFO</include>
              <label>$INFO[ListItem.Label]</label>
            </control>
          </focusedlayout>
        </control>
      </control>
      <control type="image">
        <animation effect="fade" time="200">VisibleChange</animation>
        <visible>Container.Position(5) | Container.HasNext</visible>
        <posx>1005</posx>
        <posy>963</posy>
        <height>81</height>
        <width>832</width>
        <texture>img/DefaultGradient.png</texture>
        <aspectratio>stretch</aspectratio>
      </control>
      <control type="scrollbar" id="60">
        <posx>39r</posx>
        <posy>652</posy>
        <height>360</height>
        <onleft>59</onleft>
        <onright>noop</onright>
      </control>
    </control>-->
    <control type="group" description="Big Icons">
      <visible>Control.IsVisible(501)</visible>
      <!--<control type="image" description="Coverflow Selector">
        <centerleft>960</centerleft>
        <top>345</top>
        <width>1280</width>
        <height>415</height>
        <texture>img/BigShelf.png</texture>
        <aspectratio aligny="center" align="center">keep</aspectratio>
      </control>-->
      <control type="fixedlist" id="501">
        <visible>Container.content(movies) | Container.content(tvshows) | Container.content(seasons)</visible>
        <posx>-240</posx>
        <posy>111</posy>
        <width>2400</width>
        <height>885</height>
        <onup condition="!Skin.HasSetting(ViewOptions_Hide)">9000</onup>
        <ondown condition="!Skin.HasSetting(ViewOptions_Hide)">9000</ondown>
        <onleft>501</onleft>
        <onright>501</onright>
        <viewtype label="538">Big Icons 501</viewtype>
        <focusposition>2</focusposition>
        <movement>-</movement>
        <preloaditems>4</preloaditems>
        <orientation>horizontal</orientation>
        <scrolltime easing="inout">280</scrolltime>
        <itemlayout condition="Container.content(movies) | Container.content(tvshows) | Container.content(seasons)" width="480" height="750">
          <control type="image" description="Thumb">
            <posx>56</posx>
            <posy>69</posy>
            <height>543</height>
            <width>369</width>
            <aspectratio>scale</aspectratio>
            <texture fallback="DefaultFolder.png" background="true">$INFO[ListItem.Thumb]</texture>
          </control>
        </itemlayout>
        <focusedlayout condition="Container.content(movies) | Container.content(tvshows) | Container.content(seasons)" width="480" height="750">
          <control type="image" description="Thumb">
            <posx>56</posx>
            <posy>69</posy>
            <height>543</height>
            <width>369</width>
            <aspectratio>scale</aspectratio>
            <texture fallback="DefaultFolder.png" background="true">$INFO[ListItem.Thumb]</texture>
          </control>
        </focusedlayout>
      </control>
      <control type="image" description="Coverflow Selector">
        <posx>750</posx>
        <posy>156</posy>
        <width>420</width>
        <height>591</height>
        <texture border="36">focus/FrameFO.png</texture>
        <bordersize>-9</bordersize>
        <aspectratio>stretch</aspectratio>
      </control>
      <control type="label" description="Media details">
        <posx>345</posx>
        <posy>777</posy>
        <width>1230</width>
        <align>center</align>
        <textcolor>Silver</textcolor>
        <font>size24B</font>
        <label>$INFO[ListItem.Label]</label>
      </control>
      <control type="label" description="Media details">
        <posx>360</posx>
        <posy>831</posy>
        <width>1200</width>
        <align>center</align>
        <font>size22</font>
        <textcolor>Grey</textcolor>
        <label>$INFO[ListItem.Genre]</label>
      </control>
      <control type="label" description="Media details">
        <visible>![System.IdleTime(1) + !IsEmpty(ListItem.Plot) + Container.Content(Movies)]</visible>
        <animation effect="fade" delay="200" time="300">VisibleChange</animation>
        <posx>360</posx>
        <posy>870</posy>
        <width>1200</width>
        <align>center</align>
        <textcolor>Silver</textcolor>
        <label>$VAR[TopLabel]</label>
      </control>
      <control type="textbox" description="Movies Plot">
        <visible>System.IdleTime(1) + !IsEmpty(ListItem.Plot) + Container.Content(Movies)</visible>
        <animation effect="fade" delay="500" start="0" end="100" time="500">Visible</animation>
        <animation effect="fade" end="0" time="200">Hidden</animation>
        <posx>360</posx>
        <posy>891</posy>
        <width>1200</width>
        <height>130</height>
        <font>size20</font>
        <align>justify</align>
        <aligny>bottom</aligny>
        <autoscroll delay="8000" time="4300" repeat="10000">Skin.HasSetting(AutoScroll)</autoscroll>
        <textcolor>Silver</textcolor>
        <label>$VAR[Plots]</label>
      </control>
    </control>
    <control type="group" description="Grid view">
      <visible>Control.IsVisible(53)</visible>
      <control type="group" description="Container and frame">
        <control type="group" description="Frame Sliders">
          <visible>Container.Content(Movies) | Container.content(tvshows) | container.content(seasons)</visible>
          <animation condition="Control.HasFocus(60)" effect="slide" start="0,0" end="1890,540" time="200" reversible="true">Conditional</animation>
          <animation condition="Control.HasFocus(60)" effect="zoom" start="100" end="0" time="200" reversible="true">Conditional</animation>
          <animation condition="Control.HasFocus(60)" effect="fade" start="100" end="0" time="200" reversible="true">Conditional</animation>
          <control type="image" description="Posters">
            <posx>69</posx>
            <posy>210</posy>
            <width>249</width>
            <height>343</height>
            <texture border="36">focus/FrameFO.png</texture>
            <bordersize>-9</bordersize>
            <aspectratio>stretch</aspectratio>
            <animation condition="Container.Column(0)" effect="slide" easing="inout" start="0,0" end="0,0" time="220" reversible="true">Conditional</animation>
            <animation condition="Container.Column(1)" effect="slide" easing="inout" start="0,0" end="257,0" time="220" reversible="true">Conditional</animation>
            <animation condition="Container.Column(2)" effect="slide" easing="inout" start="0,0" end="514,0" time="220" reversible="true">Conditional</animation>
            <animation condition="Container.Column(3)" effect="slide" easing="inout" start="0,0" end="771,0" time="220" reversible="true">Conditional</animation>
            <animation condition="Container.Column(4)" effect="slide" easing="inout" start="0,0" end="1028,0" time="220" reversible="true">Conditional</animation>
            <animation condition="Container.Column(5)" effect="slide" easing="inout" start="0,0" end="1285,0" time="220" reversible="true">Conditional</animation>
            <animation condition="Container.Column(6)" effect="slide" easing="inout" start="0,0" end="1542,0" time="220" reversible="true">Conditional</animation>
            <animation condition="Container.Row(0)" effect="slide" easing="inout" start="0,0" end="0,0" time="220" reversible="true">Conditional</animation>
            <animation condition="Container.Row(1)" effect="slide" easing="inout" start="0,0" end="0,384" time="220" reversible="true">Conditional</animation>
          </control>
        </control>
        <control type="group" description="Frame Sliders">
          <visible>container.content(addons)</visible>
          <animation condition="Control.HasFocus(60)" effect="slide" start="0,0" end="1890,540" time="200" reversible="true">Conditional</animation>
          <animation condition="Control.HasFocus(60)" effect="zoom" start="100" end="0" time="200" reversible="true">Conditional</animation>
          <animation condition="Control.HasFocus(60)" effect="fade" start="100" end="0" time="200" reversible="true">Conditional</animation>
          <control type="image">
            <posx>78</posx>
            <posy>192</posy>
            <width>309</width>
            <height>309</height>
            <texture border="36">focus/FrameFO.png</texture>
            <bordersize>-9</bordersize>
            <aspectratio>stretch</aspectratio>
            <animation condition="Container.Column(0)" effect="slide" start="0,0" end="0,0" time="220" reversible="true">Conditional</animation>
            <animation condition="Container.Column(1)" effect="slide" start="0,0" end="360,0" time="220" reversible="true">Conditional</animation>
            <animation condition="Container.Column(2)" effect="slide" start="0,0" end="720,0" time="220" reversible="true">Conditional</animation>
            <animation condition="Container.Column(3)" effect="slide" start="0,0" end="1080,0" time="220" reversible="true">Conditional</animation>
            <animation condition="Container.Column(4)" effect="slide" start="0,0" end="1440,0" time="220" reversible="true">Conditional</animation>
            <animation condition="Container.Row(0)" effect="slide" start="0,0" end="0,0" time="220" reversible="true">Conditional</animation>
            <animation condition="Container.Row(1)" effect="slide" start="0,0" end="0,360" time="220" reversible="true">Conditional</animation>
            <animation condition="Container.Row(2)" effect="slide" start="0,0" end="0,720" time="220" reversible="true">Conditional</animation>
          </control>
        </control>
        <control type="group" description="Frame Sliders">
          <visible>![Container.Content(Movies) | Container.content(tvshows) | container.content(seasons) | container.content(addons)]</visible>
          <animation condition="Control.HasFocus(60)" effect="slide" start="0,0" end="1890,540" time="200" reversible="true">Conditional</animation>
          <animation condition="Control.HasFocus(60)" effect="zoom" start="100" end="0" time="200" reversible="true">Conditional</animation>
          <animation condition="Control.HasFocus(60)" effect="fade" start="100" end="0" time="200" reversible="true">Conditional</animation>
          <control type="image" description="Generic">
            <posx>78</posx>
            <posy>206</posy>
            <width>414</width>
            <height>309</height>
            <texture border="36">focus/FrameFO.png</texture>
            <bordersize>-9</bordersize>
            <aspectratio>stretch</aspectratio>
            <animation condition="Container.Column(0)" effect="slide" easing="inout" start="0,0" end="0,0" time="220" reversible="true">Conditional</animation>
            <animation condition="Container.Column(1)" effect="slide" easing="inout" start="0,0" end="450,0" time="220" reversible="true">Conditional</animation>
            <animation condition="Container.Column(2)" effect="slide" easing="inout" start="0,0" end="900,0" time="220" reversible="true">Conditional</animation>
            <animation condition="Container.Column(3)" effect="slide" easing="inout" start="0,0" end="1350,0" time="220" reversible="true">Conditional</animation>
            <animation condition="Container.Row(0)" effect="slide" easing="inout" start="0,0" end="0,0" time="220" reversible="true">Conditional</animation>
            <animation condition="Container.Row(1)" effect="slide" easing="inout" start="0,0" end="0,375" time="220" reversible="true">Conditional</animation>
          </control>
        </control>
				<control type="panel" id="53" description="Grid">
          <visible>!IsEmpty(Container.FolderPath)</visible>
          <viewtype label="536">Grid</viewtype>
          <posx>60</posx>
          <posy>210</posy>
          <width>1800</width>
          <height>900</height>
          <orientation>vertical</orientation>
          <onleft condition="!Skin.HasSetting(ViewOptions_Hide)">9000</onleft>
          <onright condition="!Skin.HasSetting(ViewOptions_Hide)">9000</onright>
          <onup>PageUp</onup>
          <ondown>PageDown</ondown>
          <preloaditems>4</preloaditems>
          <itemlayout condition="Container.Content(Movies) | Container.content(tvshows) | container.content(seasons)" height="384" width="257">
            <control type="image">
              <posx>35</posx>
              <posy>24</posy>
              <width>197</width>
              <height>294</height>
              <texture fallback="DefaultFolder.png" background="true">$INFO[ListItem.Thumb]</texture>
              <aspectratio>scale</aspectratio>
            </control>
            <control type="group">
              <visible>container.content(TVshows) | container.content(seasons)</visible>
              <control type="image">
                <visible>IntegerGreaterThan(ListItem.Property(UnwatchedEpisodes),0)</visible>
                <right>9</right>
                <top>9</top>
                <height>51</height>
                <width>51</width>
                <aspectratio>keep</aspectratio>
                <texture>overlay/UnwatchedNib.png</texture><colordiffuse>Overlay</colordiffuse>
              </control>
              <control type="label" description="Label2">
                <visible>IntegerGreaterThan(ListItem.Property(UnwatchedEpisodes),0)</visible>
                <right>12</right>
                <top>12</top>
                <height>45</height>
                <width>45</width>
                <font>size16</font>
                <align>center</align>
                <textcolor>HL</textcolor>
                <label>[B]$INFO[ListItem.Property(UnwatchedEpisodes)][/B]</label>
              </control>
            </control>
          </itemlayout>
          <focusedlayout condition="Container.Content(Movies) | Container.content(tvshows) | container.content(seasons)" height="384" width="257">
            <control type="image">
              <posx>35</posx>
              <posy>24</posy>
              <width>197</width>
              <height>294</height>
              <texture fallback="DefaultFolder.png" background="true">$INFO[ListItem.Thumb]</texture>
              <aspectratio>scale</aspectratio>
            </control>
            <control type="label">
              <animation effect="fade" start="0" end="100" time="200" delay="100">Focus</animation>
              <posx>5</posx>
              <posy>330</posy>
              <width>257</width>
              <height>45</height>
              <font>size18</font>
              <textcolor>HL</textcolor>
              <shadowcolor>Black</shadowcolor>
              <align>center</align>
              <label>[B]$INFO[ListItem.Label][/B]</label>
            </control>
            <control type="group">
              <visible>container.content(TVshows) | container.content(seasons)</visible>
              <control type="image">
                <visible>IntegerGreaterThan(ListItem.Property(UnwatchedEpisodes),0)</visible>
                <right>9</right>
                <top>9</top>
                <height>51</height>
                <width>51</width>
                <aspectratio>keep</aspectratio>
                <texture>overlay/UnwatchedNib.png</texture><colordiffuse>Overlay</colordiffuse>
              </control>
              <control type="label" description="Label2">
                <visible>IntegerGreaterThan(ListItem.Property(UnwatchedEpisodes),0)</visible>
                <right>12</right>
                <top>12</top>
                <height>45</height>
                <width>45</width>
                <font>size16</font>
                <align>center</align>
                <textcolor>HL</textcolor>
                <label>[B]$INFO[ListItem.Property(UnwatchedEpisodes)][/B]</label>
              </control>
            </control>
          </focusedlayout>
          <itemlayout condition="container.content(addons)" height="360" width="360">
            <!--<control type="image">
              <posx>45</posx>
              <posy>264</posy>
              <width>255</width>
              <height>255</height>
              <texture flipy="true" diffuse="img/Reflection0.png" background="true">$INFO[ListItem.Thumb]</texture>
              <aspectratio>stretch</aspectratio>
            </control>-->
            <control type="image">
              <posx>45</posx>
              <posy>9</posy>
              <width>255</width>
              <height>255</height>
              <texture fallback="DefaultFolder.png" background="true">$INFO[ListItem.Thumb]</texture>
              <aspectratio>stretch</aspectratio>
            </control>
          </itemlayout>
          <focusedlayout condition="container.content(addons)" height="360" width="360">
            <control type="image">
              <posx>45</posx>
              <posy>9</posy>
              <width>255</width>
              <height>255</height>
              <texture fallback="DefaultFolder.png" background="true">$INFO[ListItem.Thumb]</texture>
              <aspectratio>stretch</aspectratio>
            </control>
            <control type="label">
              <animation effect="fade" start="0" end="100" time="200" delay="100">Focus</animation>
              <posx>45</posx>
              <posy>270</posy>
              <width>255</width>
              <height>45</height>
              <font>size18</font>
              <textcolor>HL</textcolor>
              <shadowcolor>Black</shadowcolor>
              <align>center</align>
              <label>[B]$INFO[ListItem.Label][/B]</label>
            </control>
          </focusedlayout>
          <itemlayout condition="![container.content(addons) | container.content(movies) | container.content(seasons) | container.content(tvshows)]" height="375" width="450">
            <control type="image">
              <posx>45</posx>
              <posy>24</posy>
              <width>360</width>
              <height>255</height>
              <texture>img/ThumbBorder2.png</texture>
              <aspectratio>stretch</aspectratio>
            </control>
            <control type="image">
              <visible>container.content(episodes)</visible>
              <posx>45</posx>
              <posy>24</posy>
              <width>360</width>
              <height>255</height>
              <texture fallback="DefaultFolder.png" background="true">$INFO[ListItem.Thumb]</texture>
              <aspectratio>scale</aspectratio>
            </control>
            <control type="image">
              <visible>![container.content(episodes)]</visible>
              <posx>45</posx>
              <posy>24</posy>
              <width>360</width>
              <height>255</height>
              <texture fallback="DefaultFolder.png" background="true">$INFO[ListItem.Thumb]</texture>
              <aspectratio>keep</aspectratio>
            </control>
          </itemlayout>
          <focusedlayout condition="![container.content(addons) | container.content(movies) | container.content(seasons) | container.content(tvshows)]" height="375" width="450">
            <control type="image">
              <posx>45</posx>
              <posy>24</posy>
              <width>360</width>
              <height>255</height>
              <texture>img/ThumbBorder2.png</texture>
              <aspectratio>stretch</aspectratio>
            </control>
            <control type="image">
              <visible>container.content(episodes)</visible>
              <posx>45</posx>
              <posy>24</posy>
              <width>360</width>
              <height>255</height>
              <texture fallback="DefaultFolder.png" background="true">$INFO[ListItem.Thumb]</texture>
              <aspectratio>scale</aspectratio>
            </control>
            <control type="image">
              <visible>![container.content(episodes)]</visible>
              <posx>45</posx>
              <posy>24</posy>
              <width>360</width>
              <height>255</height>
              <texture fallback="DefaultFolder.png" background="true">$INFO[ListItem.Thumb]</texture>
              <aspectratio>keep</aspectratio>
            </control>
            <control type="label">
              <animation effect="fade" start="0" end="100" time="200" delay="100">Focus</animation>
              <posx>45</posx>
              <posy>300</posy>
              <width>360</width>
              <height>45</height>
              <font>size18</font>
              <textcolor>HL</textcolor>
              <shadowcolor>Black</shadowcolor>
              <align>center</align>
              <label>[B]$INFO[ListItem.Label][/B]</label>
            </control>
          </focusedlayout>
        </control>
        
      </control>
      <control type="image" description="Line Split">
        <posx>105</posx>
        <posy>164</posy>
        <width>1702</width>
        <height>1</height>
        <texture>img/LineL.png</texture>
        <aspectratio>stretch</aspectratio>
      </control>
      <!--<control type="grouplist" description="Media Header">
        <posx>105</posx>
        <posy>54</posy>
        <width>930</width>
        <height>75</height>
        <align>left</align>
        <aligny>bottom</aligny>
        <orientation>horizontal</orientation>
        <control type="label" id="7777" description="Heading">
          <width min="60" max="930">auto</width>
          <height>75</height>
          <font>size28</font>
          <textcolor>HL</textcolor>
          <label>$VAR[GlobalHeadings]</label>
        </control>
        <control type="label" description="Number of files">
          <visible>!IsEmpty(Control.GetLabel(7777))</visible>
          <width min="60" max="120">auto</width>
          <height>81</height>
          <font>size17</font>
          <textcolor>Grey</textcolor>
          <label>$INFO[Container.NumItems,  ]</label>
        </control>
      </control>-->
      <control type="label" description="Media details">
        <posx>105</posx>
        <posy>117</posy>
        <width>1500</width>
        <textcolor>HL</textcolor>
        <include>Genre51Commons</include>
        <label>$INFO[ListItem.label][COLOR=White]$VAR[TopLabel,  ][/COLOR]</label>
      </control>
      <control type="image" description="Overlay">
        <visible>![container.content(tvshows) | container.content(seasons) | SubString(ListItem.Path,videodb://movies/sets/)]</visible>
        <posx>69</posx>
        <posy>127</posy>
        <height>21</height>
        <width>60</width>
        <aspectratio align="left">keep</aspectratio>
        <texture>$VAR[Overlay]</texture>
      </control>
      <control type="image" description="Sets">
        <visible>SubString(ListItem.Path,videodb://movies/sets/)</visible>
        <posx>50</posx>
        <posy>123</posy>
        <height>33</height>
        <width>60</width>
        <aspectratio>keep</aspectratio>
        <texture>badges/setsFO.png</texture>
      </control>
      <control type="grouplist">
        <posx>354r</posx>
        <posy>126</posy>
        <height>24</height>
        <width>290</width>
        <itemgap>15</itemgap>
        <align>right</align>
        <orientation>horizontal</orientation>
        <control type="image">
          <include>3D_Badge_visibility</include>
          <height>24</height>
          <width>45</width>
          <aspectratio>keep</aspectratio>
          <texture>$VAR[3D_badge_texture]</texture>
        </control>
        <control type="image">
          <visible>IntegerGreaterThan(ListItem.VideoResolution,700)</visible>
          <height>24</height>
          <width>45</width>
          <aspectratio>keep</aspectratio>
          <texture>$INFO[ListItem.VideoResolution,badges/,.png]</texture>
        </control>
        <control type="image" description="Rating">
          <visible>!IsEmpty(ListItem.Rating)</visible>
          <posy>0</posy>
          <include>10Rating</include>
          <colordiffuse>HL</colordiffuse>
        </control>
        <control type="label" description="Media details">
          <visible>container.content(addons)</visible>
          <height>24</height>
          <width>240</width>
          <font>size18</font>
          <align>right</align>
          <textcolor>Silver</textcolor>
          <label>$INFO[ListItem.Label2]</label>
        </control>
      </control>
      <control type="image" description="Bottom fade">
        <posx>0</posx>
        <posy>1035</posy>
        <width>1920</width>
        <height>45</height>
        <texture border="1,0,1,0">img/Gradient.png</texture>
        <aspectratio>stretch</aspectratio>
      </control>
    </control>
    <control type="group" description="Banner wall">
      <visible>Control.IsVisible(55)</visible>
      <control type="group" description="Frame Sliders">
          <animation condition="Control.HasFocus(60)" effect="slide" start="0,0" end="1890,540" time="200" reversible="true">Conditional</animation>
          <animation condition="Control.HasFocus(60)" effect="zoom" start="100" end="0" time="200" reversible="true">Conditional</animation>
          <animation condition="Control.HasFocus(60)" effect="fade" start="100" end="0" time="200" reversible="true">Conditional</animation>
          <control type="image">
            <posx>102</posx>
            <posy>207</posy>
            <width>825</width>
            <height>198</height>
            <texture border="36">focus/FrameFO.png</texture>
            <bordersize>-9</bordersize>
            <aspectratio>stretch</aspectratio>
            <animation condition="Container.Column(0)" effect="slide" start="0,0" end="0,0" time="200" reversible="true">Conditional</animation>
            <animation condition="Container.Column(1)" effect="slide" start="0,0" end="900,0" time="200" reversible="true">Conditional</animation>
            <animation condition="Container.Row(0)" effect="slide" start="0,0" end="0,0" time="200" reversible="true">Conditional</animation>
            <animation condition="Container.Row(1)" effect="slide" start="0,0" end="0,225" time="200" reversible="true">Conditional</animation>
            <animation condition="Container.Row(2)" effect="slide" start="0,0" end="0,450" time="200" reversible="true">Conditional</animation>
            <animation condition="Container.Row(3)" effect="slide" start="0,0" end="0,675" time="200" reversible="true">Conditional</animation>
            <animation condition="Container.Row(4)" effect="slide" start="0,0" end="0,900" time="200" reversible="true">Conditional</animation>
          </control>
        </control>
				<control type="group" description="Container and frame">
        <control type="panel" id="55" description="Panel">
          <visible>container.content(tvshows) + !IsEmpty(Container.FolderPath)</visible>
          <viewtype label="539">Wide Icons grid</viewtype>
          <posx>66</posx>
          <posy>210</posy>
          <width>1800</width>
          <height>898</height>
          <orientation>vertical</orientation>
          <onup>55</onup>
          <ondown>55</ondown>
          <onleft condition="!Skin.HasSetting(ViewOptions_Hide)">9000</onleft>
          <onright condition="!Skin.HasSetting(ViewOptions_Hide)">9000</onright>
          <preloaditems>4</preloaditems>
          <scrolltime>400</scrolltime>
          <itemlayout height="225" width="900">
            <control type="image">
              <posx>63</posx>
              <posy>24</posy>
              <width>771</width>
              <height>144</height>
              <texture background="true">$VAR[Banner]</texture>
              <aspectratio>keep</aspectratio>
            </control>
            <control type="image">
              <visible>IntegerGreaterThan(ListItem.Property(UnwatchedEpisodes),0)</visible>
              <top>9</top>
              <right>33</right>
              <height>51</height>
              <width>51</width>
              <aspectratio>keep</aspectratio>
              <texture>overlay/UnwatchedNib.png</texture><colordiffuse>Overlay</colordiffuse>
            </control>
            <control type="label" description="Label2">
              <visible>IntegerGreaterThan(ListItem.Property(UnwatchedEpisodes),0)</visible>
              <top>12</top>
              <right>36</right>
              <height>45</height>
              <width>45</width>
              <font>size17</font>
              <align>center</align>
              <textcolor>HL</textcolor>
              <label>[B]$INFO[ListItem.Property(UnwatchedEpisodes)][/B]</label>
            </control>
          </itemlayout>
          <focusedlayout height="225" width="900">
            <control type="image">
              <posx>63</posx>
              <posy>24</posy>
              <width>771</width>
              <height>144</height>
              <texture background="true">$VAR[Banner]</texture>
              <aspectratio>keep</aspectratio>
            </control>
            <control type="label">
              <animation effect="fade" start="0" end="100" time="300" delay="200">Focus</animation>
              <posx>75</posx>
              <posy>180</posy>
              <width>750</width>
              <height>45</height>
              <font>size18</font>
              <textcolor>White2</textcolor>
              <shadowcolor>Black</shadowcolor>
              <align>center</align>
              <label>[B]$INFO[ListItem.Label][/B]</label>
            </control>
            <control type="image">
              <visible>IntegerGreaterThan(ListItem.Property(UnwatchedEpisodes),0)</visible>
              <top>9</top>
              <right>33</right>
              <height>51</height>
              <width>51</width>
              <aspectratio>keep</aspectratio>
              <texture>overlay/UnwatchedNib.png</texture><colordiffuse>Overlay</colordiffuse>
            </control>
            <control type="label" description="Label2">
              <visible>IntegerGreaterThan(ListItem.Property(UnwatchedEpisodes),0)</visible>
              <top>12</top>
              <right>36</right>
              <height>45</height>
              <width>45</width>
              <font>size17</font>
              <align>center</align>
              <textcolor>HL</textcolor>
              <label>[B]$INFO[ListItem.Property(UnwatchedEpisodes)][/B]</label>
            </control>
          </focusedlayout>
          <itemlayout height="225" width="900">
            <control type="image">
              <posx>63</posx>
              <posy>24</posy>
              <width>771</width>
              <height>144</height>
              <texture fallback="DefaultFolder.png" background="true">$INFO[ListItem.Thumb]</texture>
              <bordertexture border="3">img/ThumbBorder3.png</bordertexture>
              <bordersize>1</bordersize>
              <aspectratio>keep</aspectratio>
            </control>
          </itemlayout>
          <focusedlayout height="225" width="900">
            <control type="image">
              <posx>63</posx>
              <posy>24</posy>
              <width>771</width>
              <height>144</height>
              <texture fallback="DefaultFolder.png" background="true">$INFO[ListItem.Thumb]</texture>
              <bordertexture border="3">img/ThumbBorder3.png</bordertexture>
              <bordersize>1</bordersize>
              <aspectratio>keep</aspectratio>
            </control>
            <control type="label">
              <animation effect="fade" start="0" end="100" time="300" delay="200">Focus</animation>
              <posx>450</posx>
              <posy>180</posy>
              <width>750</width>
              <height>45</height>
              <font>size18</font>
              <textcolor>White2</textcolor>
              <shadowcolor>Black</shadowcolor>
              <align>center</align>
              <label>[B]$INFO[ListItem.Label][/B]</label>
            </control>
          </focusedlayout>
        </control>
        
      </control>
      <control type="image" description="Line Split">
        <posx>129</posx>
        <posy>164</posy>
        <width>1674</width>
        <height>1</height>
        <texture>img/LineL.png</texture>
        <aspectratio>stretch</aspectratio>
      </control>
      <control type="grouplist" description="Media Header">
        <posx>129</posx>
        <posy>54</posy>
        <width>930</width>
        <height>75</height>
        <align>left</align>
        <aligny>bottom</aligny>
        <orientation>horizontal</orientation>
        <control type="label" id="7777" description="Heading">
          <width min="60" max="930">auto</width>
          <height>75</height>
          <font>size28</font>
          <textcolor>White2</textcolor>
          <label>$VAR[GlobalHeadings]</label>
        </control>
        <control type="label" description="Number of files">
          <visible>!IsEmpty(Control.GetLabel(7777))</visible>
          <width min="60" max="120">auto</width>
          <height>81</height>
          <font>size17</font>
          <textcolor>Grey</textcolor>
          <label>$INFO[Container.NumItems,  (,)]</label>
        </control>
      </control>
      <control type="label" description="Media details">
        <posx>129</posx>
        <posy>117</posy>
        <width>1350</width>
        <textcolor>HL</textcolor>
        <include>Genre51Commons</include>
        <label>$INFO[ListItem.Label]  [COLOR=White]$VAR[TopLabel][/COLOR]</label>
      </control>
      <control type="image" description="Rating">
        <visible>!IsEmpty(ListItem.Rating)</visible>
        <posx>240r</posx>
        <posy>117</posy>
        <include>10Rating</include>
				<colordiffuse>HL</colordiffuse>
      </control>
      <control type="image" description="Bottom fade">
        <posx>0</posx>
        <posy>870</posy>
        <width>1920</width>
        <height>210</height>
        <texture>img/DefaultGradient.png</texture>
        <aspectratio>stretch</aspectratio>
      </control>
      <control type="scrollbar" id="60">
        <posx>45r</posx>
        <posy>219</posy>
        <height>780</height>
        <onleft>53</onleft>
        <onright>9000</onright>
      </control>
    </control>
    <control type="group" description="Panel view">
      <visible>Control.IsVisible(502)</visible>
      <control type="group" description="Frames">
          <animation condition="Control.HasFocus(60)" effect="slide" start="0,0" end="1890,540" time="200" reversible="true">Conditional</animation>
          <animation condition="Control.HasFocus(60)" effect="zoom" start="100" end="0" time="200" reversible="true">Conditional</animation>
          <animation condition="Control.HasFocus(60)" effect="fade" start="100" end="0" time="200" reversible="true">Conditional</animation>
          <control type="image" description="Posters">
            <posx>842</posx>
            <posy>69</posy>
            <width>251</width>
            <height>345</height>
            <texture border="36">focus/FrameFO.png</texture>
            <bordersize>-9</bordersize>
            <aspectratio>stretch</aspectratio>
            <animation condition="Container.Column(0)" effect="slide" easing="inout" start="0,0" end="0,0" time="220" reversible="true">Conditional</animation>
            <animation condition="Container.Column(1)" effect="slide" easing="inout" start="0,0" end="265,0" time="220" reversible="true">Conditional</animation>
            <animation condition="Container.Column(2)" effect="slide" easing="inout" start="0,0" end="530,0" time="220" reversible="true">Conditional</animation>
            <animation condition="Container.Column(3)" effect="slide" easing="inout" start="0,0" end="795,0" time="220" reversible="true">Conditional</animation>
            <animation condition="Container.Row(0)" effect="slide" easing="inout" start="0,0" end="0,0" time="220" reversible="true">Conditional</animation>
            <animation condition="Container.Row(1)" effect="slide" easing="inout" start="0,0" end="0,320" time="220" reversible="true">Conditional</animation>
            <animation condition="Container.Row(2)" effect="slide" easing="inout" start="0,0" end="0,640" time="220" reversible="true">Conditional</animation>
          </control>
        </control>
				<control type="group" description="Container and frame">
        <control type="panel" id="502" description="Grid">
          <visible>Container.Content(Movies) | Container.content(tvshows) | container.content(seasons)</visible>
          <viewtype label="$LOCALIZE[31976]">Panel</viewtype>
          <posx>835</posx>
          <posy>69</posy>
          <width>1062</width>
          <height>960</height>
          <orientation>vertical</orientation>
          <onleft condition="!Skin.HasSetting(ViewOptions_Hide)">9000</onleft>
          <onright condition="!Skin.HasSetting(ViewOptions_Hide)">9000</onright>
          <onup>502</onup>
          <ondown>502</ondown>
          <preloaditems>4</preloaditems>
          <pagecontrol>60</pagecontrol>
          <scrolltime>400</scrolltime>
          <itemlayout height="320" width="265">
            <control type="image">
              <posx>34</posx>
              <posy>24</posy>
              <width>197</width>
              <height>294</height>
              <texture fallback="DefaultFolder.png" background="true">$INFO[ListItem.Thumb]</texture>
              <aspectratio>scale</aspectratio>
            </control>
            <control type="image" description="Overlay">
              <visible>![container.content(TVshows) | container.content(seasons)]</visible>
              <posx>195</posx>
              <posy>285</posy>
              <height>30</height>
              <width>30</width>
              <aspectratio>keep</aspectratio>
              <texture>$VAR[Overlay]</texture>
            </control>
            <control type="group">
              <visible>container.content(TVshows) | container.content(seasons)</visible>
              <control type="image">
                <visible>IntegerGreaterThan(ListItem.Property(UnwatchedEpisodes),0)</visible>
                <right>9</right>
                <top>9</top>
                <height>51</height>
                <width>51</width>
                <aspectratio>keep</aspectratio>
                <texture>overlay/UnwatchedNib.png</texture>
								<colordiffuse>Overlay</colordiffuse>
              </control>
              <control type="label" description="Label2">
                <visible>IntegerGreaterThan(ListItem.Property(UnwatchedEpisodes),0)</visible>
                <right>12</right>
                <top>12</top>
                <height>45</height>
                <width>45</width>
                <font>size16</font>
                <align>center</align>
								<textcolor>HL</textcolor>
                <label>[B]$INFO[ListItem.Property(UnwatchedEpisodes)][/B]</label>
              </control>
            </control>
          </itemlayout>
          <focusedlayout height="320" width="265">
            <control type="image">
              <posx>34</posx>
              <posy>24</posy>
              <width>197</width>
              <height>294</height>
              <texture fallback="DefaultFolder.png" background="true">$INFO[ListItem.Thumb]</texture>
              <aspectratio>scale</aspectratio>
            </control>
            <control type="image" description="Overlay">
              <visible>![container.content(TVshows) | container.content(seasons)]</visible>
              <posx>195</posx>
              <posy>285</posy>
              <height>30</height>
              <width>30</width>
              <aspectratio>keep</aspectratio>
              <texture>$VAR[Overlay]</texture>
            </control>
            <control type="group">
              <visible>container.content(TVshows) | container.content(seasons)</visible>
              <control type="image">
                <visible>IntegerGreaterThan(ListItem.Property(UnwatchedEpisodes),0)</visible>
                <right>9</right>
                <top>9</top>
                <height>51</height>
                <width>51</width>
                <aspectratio>keep</aspectratio>
                <texture>overlay/UnwatchedNib.png</texture>
								<colordiffuse>Overlay</colordiffuse>
              </control>
              <control type="label" description="Label2">
                <visible>IntegerGreaterThan(ListItem.Property(UnwatchedEpisodes),0)</visible>
                <right>12</right>
                <top>12</top>
                <height>45</height>
                <width>45</width>
                <font>size16</font>
                <align>center</align>
                <textcolor>HL</textcolor>
                <label>[B]$INFO[ListItem.Property(UnwatchedEpisodes)][/B]</label>
              </control>
            </control>
          </focusedlayout>
        </control>
        <control type="group" description="Media info">
          <animation effect="fade" time="400">Visible</animation>
          <animation effect="fade" time="0">Hidden</animation>
          <posx>70</posx>
          <posy>0</posy>
          <control type="image" description="Sets">
            <visible>SubString(ListItem.Path,videodb://movies/sets/)</visible>
            <posx>-57</posx>
            <posy>376</posy>
            <height>33</height>
            <width>60</width>
            <aspectratio>keep</aspectratio>
            <texture>badges/setsFO.png</texture>
          </control>
          <control type="group" description="Media info Top">
            <posx>0</posx>
            <posy>180</posy>
            <control type="label" description="Main Label">
              <posy>-12</posy>
              <width>690</width>
              <font>size22B</font>
              <textcolor>HL</textcolor>
              <include>Genre51Commons</include>
              <label>$INFO[ListItem.Label]</label>
            </control>
            <control type="textbox" description="Plot51">
              <width>690</width>
              <height>624</height>
              <include>Plot51Commons</include>
              <label fallback="31979">$VAR[Plots]</label>
            </control>
          </control>
          <control type="group" description="Media Info Bottom">
            <visible>!Container.Content(MusicVideos)</visible>
            <posx>0</posx>
            <posy>816</posy>
            <control type="label" description="MPAA">
              <posy>90</posy>
              <width>690</width>
              <textcolor>White</textcolor>
              <include>Genre51Commons</include>
              <label>$INFO[ListItem.MPAA,[COLOR=Grey]$LOCALIZE[20074]:[/COLOR] ]</label>
            </control>
            <control type="label" description="Genre">
              <visible>!container.content(episodes)</visible>
              <width>690</width>
              <posy>130</posy>
              <textcolor>White</textcolor>
              <include>Genre51Commons</include>
              <label>$INFO[ListItem.Genre,[COLOR=Grey]$LOCALIZE[515]:[/COLOR] ]</label>
            </control>
            <control type="label" description="Genre">
              <visible>container.content(episodes)</visible>
              <posy>130</posy>
              <width>690</width>
              <textcolor>White</textcolor>
              <include>Genre51Commons</include>
              <label>$INFO[ListItem.RatingAndVotes,[COLOR=Grey]$LOCALIZE[563]:[/COLOR] ]</label>
            </control>
            <control type="label" description="Details">
              <textcolor>White</textcolor>
              <posy>171</posy>
              <width>690</width>
              <include>Genre51Commons</include>
              <label>$VAR[500TopLabel,[COLOR=Grey]$LOCALIZE[33029]:[/COLOR] ]</label>
            </control>
          </control>
          <!--<control type="group">
            <visible>Container.Content(MusicVideos)</visible>
            <include>MusicInfo</include>
          </control>-->
        </control>
        
      </control>
      
    </control>
    <control type="group" description="Fanart 3">
      <visible>Control.IsVisible(500)</visible>
      <control type="image" description="Line Split">
        <top>661</top>
        <centerleft>960</centerleft>
        <width>2400</width>
        <height>1</height>
        <texture>img/Line.png</texture>
        <aspectratio>stretch</aspectratio>
      </control>
	  <control type="fixedlist" id="500" description="TOP Shortcuts">
        <visible>Skin.HasSetting(AddViews)</visible>
        <visible>Container.content(movies) | container.content(seasons) | Container.content(tvshows)</visible>
        <ondown condition="!Skin.HasSetting(ViewOptions_Hide)">9000</ondown>
        <onup condition="!Skin.HasSetting(ViewOptions_Hide)">9000</onup>
        <onleft>500</onleft>
        <onright>500</onright>
        <viewtype label="$LOCALIZE[20445] 3">Fanart 3</viewtype>
        <posx>-183</posx>
        <posy>690</posy>
        <width>2286</width>
        <height>402</height>
        <orientation>horizontal</orientation>
        <focusposition>4</focusposition>
        <movement>3</movement>
        <preloaditems>4</preloaditems>
        <itemlayout condition="container.Content(Movies) | container.content(TVShows) | container.content(Seasons)" height="387" width="254">
          <control type="image" description="Thumb">
            <posx>26</posx>
            <posy>27</posy>
            <width>202</width>
            <height>303</height>
            <texture fallback="DefaultFolder.png" background="true">$INFO[ListItem.Thumb]</texture>
            <aspectratio>scale</aspectratio>
          </control>
          <control type="image">
            <posx>195</posx>
            <posy>297</posy>
            <width>30</width>
            <height>30</height>
            <texture>$VAR[Overlay]</texture>
            <aspectratio>keep</aspectratio>
          </control>
        </itemlayout>
        <focusedlayout condition="container.Content(Movies) | container.content(TVShows) | container.content(Seasons)" height="387" width="254">
          <control type="group">
            <control type="image" description="Thumb">
              <posx>26</posx>
              <posy>27</posy>
              <width>202</width>
              <height>303</height>
              <texture fallback="DefaultFolder.png" background="true">$INFO[ListItem.Thumb]</texture>
              <aspectratio>scale</aspectratio>
            </control>
            <control type="image">
              <posx>195</posx>
              <posy>297</posy>
              <width>30</width>
              <height>30</height>
              <texture>$VAR[Overlay]</texture>
              <aspectratio>keep</aspectratio>
            </control>
          </control>
        </focusedlayout>
      </control>
      <control type="image">
        <visible>Control.HasFocus(500)</visible>
        <include>VisibleFadeEffect</include>
        <posx>834</posx>
        <posy>693</posy>
        <width>252</width>
        <height>351</height>
        <texture border="36">focus/FrameFO.png</texture>
        <bordersize>-9</bordersize>
        <aspectratio>stretch</aspectratio>
        <animation condition="Container(500).Position(1)" effect="slide" start="0,0" end="-762,0" time="220" easing="inout" reversible="true">Conditional</animation>
        <animation condition="Container(500).Position(2)" effect="slide" start="0,0" end="-508,0" time="220" easing="inout" reversible="true">Conditional</animation>
        <animation condition="Container(500).Position(3)" effect="slide" start="0,0" end="-254,0" time="220" easing="inout" reversible="true">Conditional</animation>
        <animation condition="Container(500).Position(4)" effect="slide" start="0,0" end="0,0" time="220" easing="inout" reversible="true">Conditional</animation>
        <animation condition="Container(500).Position(5)" effect="slide" start="0,0" end="254,0" time="220" easing="inout" reversible="true">Conditional</animation>
        <animation condition="Container(500).Position(6)" effect="slide" start="0,0" end="508,0" time="220" easing="inout" reversible="true">Conditional</animation>
        <animation condition="Container(500).Position(7)" effect="slide" start="0,0" end="762,0" time="220" easing="inout" reversible="true">Conditional</animation>
      </control>
      <control type="group" description="Media Info">
        <left>496</left>
        <top>162</top>
        <control type="label" description="Item Title">
          <top>75</top>
		  <font>size22B</font>
          <textcolor>HL</textcolor>
          <width>789</width>
          <include>Genre51Commons</include>
          <info>ListItem.Label</info>
        </control>
        <control type="textbox" description="Plot">
          <top>130</top>
          <posx>0</posx>
          <width>1100</width>
          <height>170</height>
          <label>$VAR[Plots]</label>
        </control>
        <control type="label" description="MPAA">
          <top>334</top>
          <height>33</height>
          <width>1100</width>
          <include>Genre500Commons</include>
          <label>$INFO[ListItem.MPAA]</label>
        </control>
        <control type="label" description="Details">
          <top>374</top>
		  <height>33</height>
          <width>1100</width>
          <include>Genre500Commons</include>
          <label>$VAR[500TopLabel]$VAR[Trailer, • ]</label>
        </control>
        <control type="label" description="Genre">
          <top>414</top>
		  <width>1100</width>
		  <include>Genre500Commons</include>
          <label>$INFO[ListItem.Genre]</label>
        </control>
      </control>
	  <control type="image">
              <left>90</left>
			  <top>90</top>
			  <width>363</width>
              <height>534</height>
              <aspectratio align="left" aligny="bottom">keep</aspectratio>
              <include>Icon_Fade</include>
			  <texture>$INFO[ListItem.Thumb]</texture>
			 </control>
      <!--<control type="group" description="Right">
          <posx>1020</posx>
          <posy>30</posy>
          <control type="grouplist">
            <posx>0</posx>
            <posy>90</posy>
            <width>auto</width>
            <height>33</height>
            <orientation>horizontal</orientation>
            <align>left</align>
            <itemgap>30</itemgap>
            
            <control type="image">
              <include>3D_Badge_visibility</include>
              <width>40</width>
              <height>39</height>
              <aspectratio>keep</aspectratio>
              <texture>$VAR[3D_badge_texture]</texture>
            </control>
          </control>
          <control type="grouplist">
            <posx>0</posx>
            <posy>130</posy>
            <width>auto</width>
            <height>33</height>
            <orientation>horizontal</orientation>
            <align>left</align>
            <itemgap>30</itemgap>
            <control type="label" description="Details">
              <height>33</height>
              <width max="735">auto</width>
              <include>Genre500Commons</include>
              <label>[COLOR=Grey]$LOCALIZE[33029]:[/COLOR] $VAR[500TopLabel]$VAR[Trailer, • ]</label>
            </control>
            <control type="image">
              <visible>IntegerGreaterThan(ListItem.VideoResolution,700)</visible>
              <width>40</width>
              <height>39</height>
              <aspectratio>keep</aspectratio>
              <texture>$INFO[ListItem.VideoResolution,badges/,.png]</texture>
            </control>
          </control>
          <control type="label" description="Genre">
            <posy>171</posy>
            <include>Genre500Commons</include>
            <label>[COLOR=Grey]$LOCALIZE[515]:[/COLOR] $INFO[ListItem.Genre]</label>
          </control>
        </control>-->
      
    </control>
    <control type="group" description="Fanart 3">
      <visible>Control.IsVisible(510)</visible>
      <control type="fixedlist" id="510" description="Fanart 3 for episodes and files">
        <visible>Skin.HasSetting(AddViews)</visible>
        <visible>![Container.content(movies) | container.content(seasons) | container.content(tvshows)]</visible>
        <onup condition="!Skin.HasSetting(ViewOptions_Hide)">9000</onup>
        <ondown condition="!Skin.HasSetting(ViewOptions_Hide)">9000</ondown>
        <onleft>510</onleft>
        <onright>510</onright>
        <viewtype label="$LOCALIZE[20445] 3">Fanart 3</viewtype>
        <posx>-150</posx>
        <posy>690</posy>
        <width>2220</width>
        <height>402</height>
        <orientation>horizontal</orientation>
        <scrolltime>400</scrolltime>
        <focusposition>2</focusposition>
        <movement>1</movement>
        <preloaditems>4</preloaditems>
        <pagecontrol>60</pagecontrol>
        <itemlayout height="357" width="444">
          <control type="image" description="Thumb">
            <posx>27</posx>
            <posy>27</posy>
            <width>393</width>
            <height>303</height>
            <texture fallback="DefaultFolder.png" background="true">$INFO[ListItem.Thumb]</texture>
            <aspectratio>scale</aspectratio>
          </control>
        </itemlayout>
        <focusedlayout height="357" width="444">
          <control type="group">
            <control type="image" description="Thumb">
              <posx>27</posx>
              <posy>27</posy>
              <width>393</width>
              <height>303</height>
              <texture fallback="DefaultFolder.png" background="true">$INFO[ListItem.Thumb]</texture>
              <aspectratio>scale</aspectratio>
            </control>
          </control>
        </focusedlayout>
      </control>
      <control type="image">
        <visible>Control.HasFocus(510)</visible>
        <posx>739</posx>
        <posy>692</posy>
        <width>445</width>
        <height>354</height>
        <texture border="36">focus/FrameFO.png</texture>
        <bordersize>-9</bordersize>
        <aspectratio>stretch</aspectratio>
        <animation condition="Container(510).Position(0)" effect="slide" end="-888,0" time="220" easing="inout" reversible="true">Conditional</animation>
        <animation condition="Container(510).Position(1)" effect="slide" end="-444,0" time="220" easing="inout" reversible="true">Conditional</animation>
        <animation condition="Container(510).Position(3)" effect="slide" end="444,0" time="220" easing="inout" reversible="true">Conditional</animation>
        <animation condition="Container(510).Position(4)" effect="slide" end="888,0" time="220" easing="inout" reversible="true">Conditional</animation>
      </control>
      <control type="group" description="Media Info">
        <visible>!Container.Content(episodes)</visible>
        <posy>622</posy>
        <control type="label" description="Item Title">
          <posx>0</posx>
          <posy>0</posy>
          <font>size22B</font>
          <textcolor>HL</textcolor>
          <width>1920</width>
          <align>center</align>
          <include>Genre51Commons</include>
          <label>$INFO[ListItem.Label][COLOR=White]$INFO[ListItem.Label2, • ][/COLOR]</label>
        </control>
        <control type="image" description="Line Split">
          <posx>15</posx>
          <posy>60</posy>
          <width>1890</width>
          <height>1</height>
          <texture>img/LineST.png</texture>
          <aspectratio>stretch</aspectratio>
        </control>
      </control>
      <control type="group" description="Media Info">
        <visible>Container.Content(episodes)</visible>
        <posy>428</posy>
        <control type="image">
          <posx>64</posx>
          <posy>60</posy>
          <width>30</width>
          <height>30</height>
          <texture>$VAR[Overlay]</texture>
          <aspectratio>keep</aspectratio>
        </control>
        <control type="group" description="Left">
          <posx>98</posx>
          <posy>63</posy>
          <control type="label" description="Item Title">
            <font>size22B</font>
            <textcolor>HL</textcolor>
            <width>750</width>
            <include>Genre51Commons</include>
            <info>ListItem.Label</info>
          </control>
          <control type="image" description="Line Split">
            <posx>0</posx>
            <posy>189</posy>
            <width>1725</width>
            <height>1</height>
            <texture>img/LineST.png</texture>
            <aspectratio>stretch</aspectratio>
          </control>
          <control type="textbox" description="Plot">
            <posy>51</posy>
            <posx>0</posx>
            <width>802</width>
            <height>132</height>
            <font>size20</font>
            <textcolor>Silver</textcolor>
            <align>justify</align>
            <aligny>bottom</aligny>
            <autoscroll delay="8000" time="4300" repeat="10000">Skin.HasSetting(AutoScroll)</autoscroll>
            <label>$VAR[Plots]</label>
          </control>
        </control>
        <control type="group" description="Right">
          <posx>1020</posx>
          <posy>30</posy>
          <control type="label" description="Genre">
            <posy>90</posy>
            <include>Genre500Commons</include>
            <label>$INFO[ListItem.Season,$LOCALIZE[20373] ]: $INFO[ListItem.Episode, $LOCALIZE[20359] ]</label>
          </control>
          <control type="label" description="MPAA">
            <posy>130</posy>
            <include>Genre500Commons</include>
            <label>$LOCALIZE[20074]: $INFO[ListItem.MPAA]</label>
          </control>
          <control type="grouplist">
            <posx>0</posx>
            <posy>171</posy>
            <width>auto</width>
            <height>33</height>
            <orientation>horizontal</orientation>
            <align>left</align>
            <itemgap>30</itemgap>
            <control type="label" description="Details">
              <height>33</height>
              <width max="735">auto</width>
              <include>Genre500Commons</include>
              <label>$VAR[500TopLabel]</label>
            </control>
            <control type="image" description="Rating">
              <visible>!IsEmpty(ListItem.Rating)</visible>
              <height>39</height>
              <posx>1590</posx>
              <posy>0</posy>
              <include>10Rating</include>
            </control>
            <control type="image">
              <visible>IntegerGreaterThan(ListItem.VideoResolution,700)</visible>
              <width>40</width>
              <height>39</height>
              <aspectratio>keep</aspectratio>
              <texture>$INFO[ListItem.VideoResolution,badges/,.png]</texture>
            </control>
          </control>
        </control>
      </control>
    </control>
  </include>
</includes>
