<?xml version="1.0" encoding="UTF-8"?>
<window>
  <defaultcontrol always="true">5</defaultcontrol>
  <controls>
    <control type="group">
     <include>OpenClose</include>
		  <control type="image">
        <centerleft>960</centerleft>
        <centertop>540</centertop>
        <width>1200</width>
        <height>1230</height>
        <texture border="128">img/DialogPanel.png</texture>
      </control>
    <control type="label" description="Heading">
      <centerleft>960</centerleft>
      <posy>60</posy>
      <width>930</width>
      <label>13406</label>
      <font>size26B</font>
			<textcolor>HL</textcolor>
      <align>center</align>
    </control>
    <control type="group">
      <centerleft>960</centerleft>
      <posy>180</posy>
      <width>930</width>
			<control type="panel" id="5">
        <width>930</width>
        <height>840</height>
				<onleft>close</onleft>
				<onright>close</onright>
        <itemlayout height="70" width="930">
          <control type="label">
            <posx>30</posx>
            <height>70</height>
						<width>600</width>
            <scroll>false</scroll>
            <info>ListItem.Label</info>
          </control>
          <control type="label">
            <right>30</right>
            <height>70</height>
						<width>435</width>
            <align>right</align>
            <scroll>false</scroll>
            <font>size17</font>
            <info>ListItem.Label2</info>
          </control>
        </itemlayout>
        <focusedlayout height="70" width="930">
          <control type="image">
            <height>70</height>
            <width>930</width>
            <texture border="9">img/MediaButton2.png</texture>
          </control>
		  		<control type="label">
            <posx>30</posx>
            <height>70</height>
						<width>600</width>
            <info>ListItem.Label</info>
          </control>
          <control type="label">
            <right>30</right>
            <height>70</height>
			<width>435</width>
            <align>right</align>
            <font>size17</font>
            <info>ListItem.Label2</info>
          </control>
        </focusedlayout>
      </control>
    </control>
    </control>
  </controls>
</window>
