<?xml version="1.0" encoding="UTF-8"?>
<window>
  <defaultcontrol always="true">11</defaultcontrol>
  <coordinates>
    <posx>0</posx>
    <posy>0</posy>
  </coordinates>
  <controls>
    <include>FullBackground</include>
    <include>MediaHeader</include>
    <control type="group" description="Content">
      <include>OpenClose</include>
      <centerleft>50%</centerleft>
      <top>120</top>
      <width>930</width>
      <control type="label" id="2" description="Heading">
        <width>930</width>
        <font>size26B</font>
        <label>-</label>
        <textcolor>HL</textcolor>
        <align>center</align>
      </control>
      <control type="grouplist" id="9001">
        <posy>142</posy>
        <width>930</width>
        <itemgap>33</itemgap>
        <orientation>horizontal</orientation>
        <onleft>9001</onleft>
        <onright>9001</onright>
        <ondown>10</ondown>
        <align>center</align>
        <control type="button" id="11" description="Browse">
          <width>285</width>
          <label>1024</label>
          <align>center</align>
          <texturenofocus border="4">img/SettingsButtonNF.png</texturenofocus>
        </control>
        <control type="button" id="13" description="Add">
          <width>285</width>
          <label>15019</label>
          <align>center</align>
          <texturenofocus border="4">img/SettingsButtonNF.png</texturenofocus>
        </control>
        <control type="button" id="14" description="Remove">
          <width>285</width>
          <label>1210</label>
          <align>center</align>
          <texturenofocus border="4">img/SettingsButtonNF.png</texturenofocus>
        </control>
      </control>
      <control type="panel" id="10">
        <posx>0</posx>
        <posy>240</posy>
        <width>930</width>
        <height>243</height>
        <onup>9001</onup>
        <onleft>noop</onleft>
        <onright>noop</onright>
        <ondown>12</ondown>
        <itemlayout height="81" width="930">
          <control type="image">
            <width>930</width>
            <height>75</height>
            <texture border="4">img/SettingsButtonNF.png</texture>
          </control>
          <control type="label">
            <posx>30</posx>
            <width>600</width>
            <height>75</height>
            <info>ListItem.Label</info>
          </control>
        </itemlayout>
        <focusedlayout height="75" width="930">
          <control type="image">
            <width>930</width>
            <height>75</height>
            <texture border="9">img/MediaButton2.png</texture>
          </control>
          <control type="label" description="Path label">
            <posx>30</posx>
            <aligny>center</aligny>
            <height>75</height>
            <width>600</width>
            <info>ListItem.Label</info>
          </control>
        </focusedlayout>
      </control>
      <control type="label" id="0" description="Source Name Label">
        <posy>492</posy>
        <width>930</width>
        <label>1022</label>
      </control>
      <control type="edit" id="12" description="Source Name Button Field">
        <posy>567</posy>
        <label>-</label>
        <width>930</width>
        <align>left</align>
        <texturenofocus border="4">img/SettingsButtonNF.png</texturenofocus>
        <textoffsetx>20</textoffsetx>
        <onup>10</onup>
        <onleft>18</onleft>
        <onright>19</onright>
        <ondown>1800</ondown>
      </control>
      <control type="grouplist" id="1800">
        <posy>690</posy>
        <width>930</width>
        <onup>12</onup>
        <ondown>9001</ondown>
        <align>center</align>
        <itemgap>75</itemgap>
        <orientation>horizontal</orientation>
        <control type="button" id="18" description="OK">
          <width>300</width>
          <label>186</label>
          <onleft>20</onleft>
          <onright>19</onright>
          <align>center</align>
          <texturenofocus border="4">img/SettingsButtonNF.png</texturenofocus>
        </control>
        <control type="button" id="19" description="Cancel">
          <width>300</width>
          <label>222</label>
          <onleft>18</onleft>
          <onright>20</onright>
          <align>center</align>
          <texturenofocus border="4">img/SettingsButtonNF.png</texturenofocus>
        </control>
      </control>
    </control>
  </controls>
</window>