<?xml version="1.0" encoding="UTF-8"?>
<window>
  <defaultcontrol always="true">602</defaultcontrol>
  <include>OpenClose</include>
  <controls>
    <control type="progress" id="23" description="Progress Bar">
      <visible>true</visible>
      <posx>-840</posx>
      <posy>-750</posy>
      <width>747</width>
      <info>Player.Progress</info>
      <visible>true</visible>
    </control>
    <control type="image">
      <posx>-4</posx>
      <posy>990</posy>
      <width>1929</width>
      <height>111</height>
      <aspectratio>stretch</aspectratio>
      <texture>img/BlackDotST.png</texture>
    </control>
    <control type="group">
      <posx>120</posx>
      <posy>758</posy>
      <!--101-->
      <control type="group" id="101">
        <posx>608</posx>
        <posy>93r</posy>
        <control type="button" id="1">
          <description>Repeat</description>
          <posx>0</posx>
          <posy>3</posy>
          <width>90</width>
          <height>98</height>
          <label>$LOCALIZE[486]$INFO[Playlist.Repeat, : ]</label>
          <font>-</font>
          <onleft>11</onleft>
          <onright>600</onright>
          <onup>609</onup>
          <ondown>609</ondown>
          <texturefocus>MusicOSD/OSDRepeatFO.png</texturefocus>
          <texturenofocus>MusicOSD/OSDRepeatNF.png</texturenofocus>
          <onclick>XBMC.PlayerControl(Repeat)</onclick>
        </control>
        <control type="image" id="4">
          <posx>0</posx>
          <posy>3</posy>
          <width>90</width>
          <height>98</height>
          <texture>MusicOSD/OSDRepeatOneNF.png</texture>
          <visible>Playlist.IsRepeatOne</visible>
          <visible>!Control.HasFocus(1)</visible>
        </control>
        <control type="image" id="5">
          <posx>0</posx>
          <posy>3</posy>
          <width>90</width>
          <height>98</height>
          <texture>MusicOSD/OSDRepeatOneFO.png</texture>
          <visible>Playlist.IsRepeatOne</visible>
          <visible>Control.HasFocus(1)</visible>
        </control>
        <control type="image" id="6">
          <posx>0</posx>
          <posy>3</posy>
          <width>90</width>
          <height>98</height>
          <texture>MusicOSD/OSDRepeatAllNF.png</texture>
          <visible>Playlist.IsRepeat</visible>
          <visible>!Control.HasFocus(1)</visible>
        </control>
        <control type="image" id="7">
          <posx>0</posx>
          <posy>3</posy>
          <width>90</width>
          <height>98</height>
          <texture>MusicOSD/OSDRepeatAllFO.png</texture>
          <visible>Playlist.IsRepeat</visible>
          <visible>Control.HasFocus(1)</visible>
        </control>
        <!--<control type="button" id="601">
          <visible>false</visible>
		  <posx>-150</posx>
          <posy>0</posy>
          <width>60</width>
          <height>65</height>
          <label>31354</label>
          <font>-</font>
          <texturefocus>MusicOSD/OSDRewindFO.png</texturefocus>
          <texturenofocus>MusicOSD/OSDRewindNF.png</texturenofocus>
          <onleft>600</onleft>
          <onright>602</onright>
          <onup>609</onup>
          <ondown>609</ondown>
          <onclick>PlayerControl(Rewind)</onclick>
        </control>-->
        <control type="button" id="600">
          <posx>75</posx>
          <posy>0</posy>
          <width>90</width>
          <height>98</height>
          <label>210</label>
          <font>-</font>
          <texturefocus>MusicOSD/OSDPreviousFO.png</texturefocus>
          <texturenofocus>MusicOSD/OSDPreviousNF.png</texturenofocus>
          <onleft>1</onleft>
          <onright>602</onright>
          <onup>609</onup>
          <ondown>609</ondown>
          <onclick>PlayerControl(Previous)</onclick>
        </control>
        <control type="togglebutton" id="602">
          <posx>150</posx>
          <posy>0</posy>
          <width>90</width>
          <height>98</height>
          <label>31351</label>
          <altlabel>208</altlabel>
          <font>-</font>
          <texturefocus>MusicOSD/OSDPauseFO.png</texturefocus>
          <texturenofocus>MusicOSD/OSDPauseNF.png</texturenofocus>
          <usealttexture>Player.Paused | Player.Forwarding | Player.Rewinding</usealttexture>
          <alttexturefocus>MusicOSD/OSDPlayFO.png</alttexturefocus>
          <alttexturenofocus>MusicOSD/OSDPlayNF.png</alttexturenofocus>
          <onleft>600</onleft>
          <onright>603</onright>
          <onup>609</onup>
          <ondown>609</ondown>
          <onclick>PlayerControl(Play)</onclick>
        </control>
        <control type="button" id="603">
          <posx>225</posx>
          <posy>0</posy>
          <width>90</width>
          <height>98</height>
          <label>31352</label>
          <font>-</font>
          <texturefocus>MusicOSD/OSDStopFO.png</texturefocus>
          <texturenofocus>MusicOSD/OSDStopNF.png</texturenofocus>
          <onleft>602</onleft>
          <onright>605</onright>
          <onup>609</onup>
          <ondown>609</ondown>
          <onclick>PlayerControl(Stop)</onclick>
        </control>
        <control type="button" id="605">
          <posx>300</posx>
          <posy>0</posy>
          <width>90</width>
          <height>98</height>
          <label>209</label>
          <font>-</font>
          <texturefocus>MusicOSD/OSDNextFO.png</texturefocus>
          <texturenofocus>MusicOSD/OSDNextNF.png</texturenofocus>
          <onleft>603</onleft>
          <onright>21</onright>
          <onup>609</onup>
          <ondown>609</ondown>
          <onclick>PlayerControl(Next)</onclick>
        </control>
        <control type="togglebutton" id="21" description="Random">
          <posx>375</posx>
          <posy>1</posy>
          <width>90</width>
          <height>98</height>
          <label>$LOCALIZE[590]$INFO[Playlist.Random, : ]</label>
          <altlabel>$LOCALIZE[590] : $LOCALIZE[16041]</altlabel>
          <font>-</font>
          <onleft>605</onleft>
          <onright>609</onright>
          <onup>609</onup>
          <ondown>609</ondown>
          <texturefocus>MusicOSD/OSDRandomOffFO.png</texturefocus>
          <texturenofocus>MusicOSD/OSDRandomOffNF.png</texturenofocus>
          <usealttexture>Playlist.IsRandom</usealttexture>
          <alttexturefocus>MusicOSD/OSDRandomOnFO.png</alttexturefocus>
          <alttexturenofocus>MusicOSD/OSDRandomOnNF.png</alttexturenofocus>
          <onclick>XBMC.PlayerControl(Random)</onclick>
        </control>
        <!-- <control type="button" id="604">
          <visible>false</visible>
		  <posx>100</posx>
          <posy>0</posy>
          <width>60</width>
          <height>65</height>
          <label>31353</label>
          <font>-</font>
          <texturefocus>MusicOSD/OSDFWFO.png</texturefocus>
          <texturenofocus>MusicOSD/OSDFWNF.png</texturenofocus>
          <onleft>603</onleft>
          <onright>605</onright>
          <onup>609</onup>
          <ondown>609</ondown>
          <onclick>PlayerControl(Forward)</onclick>
        </control>-->
        <control type="button" id="609">
          <description>Options</description>
          <posx>1050</posx>
          <posy>3</posy>
          <width>90</width>
          <height>98</height>
          <label>$LOCALIZE[33063]</label>
          <font>-</font>
          <onleft>21</onleft>
          <onright>10</onright>
          <onup>602</onup>
          <ondown>602</ondown>
          <texturefocus>MusicOSD/OSDOptionsFO.png</texturefocus>
          <texturenofocus>MusicOSD/OSDOptionsNF.png</texturenofocus>
          <onclick allowhiddenfocus="true">Control.SetFocus(555)</onclick>
          <!--<onclick>ActivateWindow(1113)</onclick>-->
        </control>
      </control>
    </control>
    <control type="group" description="All dialog content">
      <animation effect="fade" start="100" end="0" time="100" condition="!ControlGroup(100).HasFocus()">Conditional</animation>
      <control type="image">
        <centerleft>960</centerleft>
        <centertop>567</centertop>
        <width>690</width>
        <height>720</height>
        <texture border="21">img/DialogNew.png</texture>
		  </control>
      <control type="label" description="Dialog heading">
        <posx>615</posx>
        <posy>264</posy>
        <width>690</width>
        <height>52</height>
        <label>33063</label>
        <align>center</align>
        <aligny>center</aligny>
				<textcolor>HL</textcolor>
        <include>TitleCommons</include>
      </control>
      <control type="grouplist" id="100" description="Music OSD Options">
        <posx>698</posx>
        <posy>366</posy>
        <width>525</width>
        <height>483</height>
        <onleft>101</onleft>
        <onright>101</onright>
        <onup>100</onup>
        <ondown>100</ondown>
        <itemgap>0</itemgap>
        <scrolltime>280</scrolltime>
        <control type="button" id="555">
          <description>Playlist</description>
          <include>ButtonMenu</include>
          <label>559</label>
          <onclick>Close</onclick>
          <onclick>ActivateWindow(MusicPlaylist)</onclick>
        </control>
        <control type="button" id="556" description="Fanart">
          <include>ButtonMenu</include>
          <label>$LOCALIZE[20445]</label>
          <label2>[COLOR=Grey2]$VAR[MusicPlayingFanartLabel2][/COLOR]</label2>
          <onclick>Skin.ToggleSetting(MusicPlayingFanart)</onclick>
        </control>
        <control type="button" id="500">
          <description>Visualisation</description>
          <include>ButtonMenu</include>
          <label>24010</label>
        </control>
        <control type="button" id="19">
          <description>Visualisation settings</description>
          <include>ButtonMenu</include>
          <label>$LOCALIZE[250] $LOCALIZE[10004]</label>
          <onclick>Addon.Default.OpenSettings(xbmc.player.musicviz)</onclick>
          <enable>Visualisation.Enabled</enable>
          <animation effect="fade" start="100" end="50" time="100" condition="!Visualisation.Enabled">Conditional</animation>
        </control>
        <control type="button" id="20">
          <description>Visualisation Presets</description>
          <include>ButtonMenu</include>
          <label>31048</label>
          <onclick>ActivateWindow(122)</onclick>
          <enable>Visualisation.Enabled</enable>
          <animation effect="fade" start="100" end="50" time="100" condition="!Visualisation.Enabled">Conditional</animation>
        </control>
        <control type="button" id="9">
          <description>Lyrics</description>
          <include>ButtonMenu</include>
          <label>24013</label>
          <onclick>Close</onclick>
          <onclick condition="IsEmpty(Skin.String(LyricPath))">Skin.SetAddon(LyricPath,xbmc.python.lyrics)</onclick>
          <onclick condition="!IsEmpty(Skin.String(LyricPath))">XBMC.RunScript($INFO[Skin.String(LyricPath)])</onclick>
        </control>
        <control type="button" id="301">
          <description>CodecInfo</description>
          <include>ButtonMenu</include>
          <label>21446</label>
          <onclick>CodecInfo</onclick>
        </control>
      </control>
    </control>
  </controls>
</window>
